stair.thisTrialN,stair.stepSize,stair.intensity,thisRow.t,notes,trial.started,fixation.started,grating.started,key_resp.started,fixation.stopped,grating.stopped,trial.stopped,corrAns,tilt,key_resp.corr,stair.response,key_resp.rt,participant,session,date,expName,expVersion,psychopyVersion,frameRate,expStart,
0,2,10.0,0.029758599819615483,,0.017348699970170856,0.029758599819615483,0.5339341999497265,0.5339341999497265,0.5493673998862505,0.8480926000047475,1.044309699907899,left,-10.0,1,1,0.40479480009526014,904343,001,2025-09-02_10h25.08.348,adaptive staircase,,2025.1.1,60.36274383812665,2025-09-02 10h25.10.280458 +0530,
1,2,8.0,1.0630606999620795,,1.044485499849543,1.0630606999620795,1.5484244998078793,1.5484244998078793,1.564001599792391,1.848681499948725,2.030981299933046,left,-8.0,1,1,0.4658819001633674,904343,001,2025-09-02_10h25.08.348,adaptive staircase,,2025.1.1,60.36274383812665,2025-09-02 10h25.10.280458 +0530,
2,2,6.0,2.0464983999263495,,2.031152799958363,2.0464983999263495,2.529660299886018,2.529660299886018,2.5466560998465866,2.832215999951586,2.9990216998849064,left,-6.0,1,1,0.45444590016268194,904343,001,2025-09-02_10h25.08.348,adaptive staircase,,2025.1.1,60.36274383812665,2025-09-02 10h25.10.280458 +0530,
3,2,4.0,3.0154612998012453,,2.9993896998930722,3.0154612998012453,3.4997323998250067,3.4997323998250067,3.516558799892664,3.8147249999456108,4.115499299950898,left,-4.0,1,1,0.6119997999630868,904343,001,2025-09-02_10h25.08.348,adaptive staircase,,2025.1.1,60.36274383812665,2025-09-02 10h25.10.280458 +0530,
4,2,2.0,4.13323609996587,,4.115743299946189,4.13323609996587,4.614555599866435,4.614555599866435,4.648522699950263,4.915825399802998,5.117825899971649,left,-2.0,1,1,0.4985091001726687,904343,001,2025-09-02_10h25.08.348,adaptive staircase,,2025.1.1,60.36274383812665,2025-09-02 10h25.10.280458 +0530,
5,1,1.0,5.131543600000441,,5.118137100012973,5.131543600000441,5.632118199951947,5.632118199951947,5.632118199951947,5.947346699889749,6.550675899954513,left,-1.0,0,0,0.9167314998339862,904343,001,2025-09-02_10h25.08.348,adaptive staircase,,2025.1.1,60.36274383812665,2025-09-02 10h25.10.280458 +0530,
6,1,2.0,6.566595799988136,,6.5510197000112385,6.566595799988136,7.065429799957201,7.065429799957201,7.0825022999197245,7.36485889996402,7.981104200007394,right,2.0,1,1,0.9004832999780774,904343,001,2025-09-02_10h25.08.348,adaptive staircase,,2025.1.1,60.36274383812665,2025-09-02 10h25.10.280458 +0530,
7,1,2.0,7.997812299989164,,7.981319099897519,7.997812299989164,8.481585299829021,8.481585299829021,8.498262399807572,8.781592999817804,8.965991999953985,right,2.0,1,1,0.48154879990033805,904343,001,2025-09-02_10h25.08.348,adaptive staircase,,2025.1.1,60.36274383812665,2025-09-02 10h25.10.280458 +0530,
8,1,2.0,8.98160279984586,,8.966262699803337,8.98160279984586,9.46456479979679,9.46456479979679,9.48091119993478,9.763104199897498,10.363853299990296,left,-2.0,1,1,0.8950177999213338,904343,001,2025-09-02_10h25.08.348,adaptive staircase,,2025.1.1,60.36274383812665,2025-09-02 10h25.10.280458 +0530,
9,0.5,1.0,10.3800644997973,,10.364074099808931,10.3800644997973,10.864909600000829,10.864909600000829,10.881722199963406,11.164989199955016,11.315732899820432,right,1.0,0,0,0.4344943999312818,904343,001,2025-09-02_10h25.08.348,adaptive staircase,,2025.1.1,60.36274383812665,2025-09-02 10h25.10.280458 +0530,
10,0.5,1.5,11.331694399937987,,11.315997299971059,11.331694399937987,11.81574649992399,11.81574649992399,11.831712299957871,12.115011799847707,12.516121399821714,right,1.5,1,1,0.6998566000256687,904343,001,2025-09-02_10h25.08.348,adaptive staircase,,2025.1.1,60.36274383812665,2025-09-02 10h25.10.280458 +0530,
11,0.5,1.5,12.530943799996749,,12.516403299989179,12.530943799996749,13.031761899823323,13.031761899823323,13.031761899823323,13.332214799942449,13.398860399844125,left,-1.5,0,0,0.35712689999490976,904343,001,2025-09-02_10h25.08.348,adaptive staircase,,2025.1.1,60.36274383812665,2025-09-02 10h25.10.280458 +0530,
12,0.5,2.0,13.414466799935326,,13.399182099848986,13.414466799935326,13.914524199906737,13.914524199906737,13.914524199906737,14.215455599827692,14.549421299947426,left,-2.0,1,1,0.6242692999076098,904343,001,2025-09-02_10h25.08.348,adaptive staircase,,2025.1.1,60.36274383812665,2025-09-02 10h25.10.280458 +0530,
13,0.5,2.0,14.565635799895972,,14.549750600010157,14.565635799895972,15.04947829991579,15.04947829991579,15.06641019997187,15.34980189986527,16.047798599814996,right,2.0,1,1,0.983089999994263,904343,001,2025-09-02_10h25.08.348,adaptive staircase,,2025.1.1,60.36274383812665,2025-09-02 10h25.10.280458 +0530,
14,0.5,2.0,16.066117799840868,,16.04804199980572,16.066117799840868,16.54829279985279,16.54829279985279,16.581461899913847,16.84737309999764,17.266415299847722,right,2.0,1,1,0.7053295001387596,904343,001,2025-09-02_10h25.08.348,adaptive staircase,,2025.1.1,60.36274383812665,2025-09-02 10h25.10.280458 +0530,
15,0.5,1.5,17.28268829989247,,17.266721399966627,17.28268829989247,17.782287599984556,17.782287599984556,17.782287599984556,18.08024589996785,18.38232410000637,right,1.5,1,1,0.5959236000198871,904343,001,2025-09-02_10h25.08.348,adaptive staircase,,2025.1.1,60.36274383812665,2025-09-02 10h25.10.280458 +0530,
16,0.5,1.5,18.398048599949107,,18.38256679987535,18.398048599949107,18.88157429988496,18.88157429988496,18.898371999850497,19.182884899899364,19.765080799814314,right,1.5,1,1,0.8726920001208782,904343,001,2025-09-02_10h25.08.348,adaptive staircase,,2025.1.1,60.36274383812665,2025-09-02 10h25.10.280458 +0530,
17,0.5,1.5,19.78246399993077,,19.76535369991325,19.78246399993077,20.264604199910536,20.264604199910536,20.298638899810612,20.564994999906048,20.78184309997596,right,1.5,1,1,0.5051642002072185,904343,001,2025-09-02_10h25.08.348,adaptive staircase,,2025.1.1,60.36274383812665,2025-09-02 10h25.10.280458 +0530,
18,0.5,1.0,20.797351300017908,,20.782238699961454,20.797351300017908,21.296787299914286,21.296787299914286,21.296787299914286,21.59706819988787,21.79869329999201,right,1.0,1,1,0.49564450001344085,904343,001,2025-09-02_10h25.08.348,adaptive staircase,,2025.1.1,60.36274383812665,2025-09-02 10h25.10.280458 +0530,
19,0.5,1.0,21.814036899944767,,21.798960199812427,21.814036899944767,22.299355699913576,22.299355699913576,22.31594379991293,22.59806209988892,22.81623819982633,left,-1.0,0,0,0.5045080001000315,904343,001,2025-09-02_10h25.08.348,adaptive staircase,,2025.1.1,60.36274383812665,2025-09-02 10h25.10.280458 +0530,
20,0.5,1.5,22.83163129980676,,22.816525799920782,22.83163129980676,23.331372099928558,23.331372099928558,23.331372099928558,23.633064499823377,24.01628529978916,left,-1.5,1,1,0.6771693001501262,904343,001,2025-09-02_10h25.08.348,adaptive staircase,,2025.1.1,60.36274383812665,2025-09-02 10h25.10.280458 +0530,
21,0.5,1.5,24.032284499844536,,24.016565599944443,24.032284499844536,24.516080899862573,24.516080899862573,24.53310429980047,24.83150849980302,25.248543799854815,right,1.5,1,1,0.7201769999228418,904343,001,2025-09-02_10h25.08.348,adaptive staircase,,2025.1.1,60.36274383812665,2025-09-02 10h25.10.280458 +0530,
22,0.5,1.5,25.264219800010324,,25.24879809981212,25.264219800010324,25.748941999860108,25.748941999860108,25.76505299983546,26.06354000000283,26.449693199945614,left,-1.5,1,1,0.6840345000382513,904343,001,2025-09-02_10h25.08.348,adaptive staircase,,2025.1.1,60.36274383812665,2025-09-02 10h25.10.280458 +0530,
23,0.5,1.0,26.465806999942288,,26.449998599942774,26.465806999942288,26.965078699868172,26.965078699868172,26.965078699868172,27.28038699994795,27.615270299836993,left,-1.0,1,1,0.6489979000762105,904343,001,2025-09-02_10h25.08.348,adaptive staircase,,2025.1.1,60.36274383812665,2025-09-02 10h25.10.280458 +0530,
24,0.5,1.0,27.63091139984317,,27.615532099967822,27.63091139984317,28.11440599989146,28.11440599989146,28.130949799902737,28.41539519978687,28.581185000017285,right,1.0,0,0,0.45067649986594915,904343,001,2025-09-02_10h25.08.348,adaptive staircase,,2025.1.1,60.36274383812665,2025-09-02 10h25.10.280458 +0530,
25,0.5,1.5,28.597465900005773,,28.581448999932036,28.597465900005773,29.097539299866185,29.097539299866185,29.097539299866185,29.41408949997276,29.56437679985538,left,-1.5,0,0,0.4528264000546187,904343,001,2025-09-02_10h25.08.348,adaptive staircase,,2025.1.1,60.36274383812665,2025-09-02 10h25.10.280458 +0530,
26,0.5,2.0,29.580185499973595,,29.5646509998478,29.580185499973595,30.06566929980181,30.06566929980181,30.08117809984833,30.381243199808523,30.730687899980694,right,2.0,1,1,0.6583251999691129,904343,001,2025-09-02_10h25.08.348,adaptive staircase,,2025.1.1,60.36274383812665,2025-09-02 10h25.10.280458 +0530,
27,0.5,2.0,30.748121300013736,,30.73092749994248,30.748121300013736,31.2312813999597,31.2312813999597,31.247904099989682,31.531575499800965,31.74663249985315,left,-2.0,1,1,0.5007215000223368,904343,001,2025-09-02_10h25.08.348,adaptive staircase,,2025.1.1,60.36274383812665,2025-09-02 10h25.10.280458 +0530,
28,0.5,2.0,31.76439189980738,,31.74685569992289,31.76439189980738,32.24968529981561,32.24968529981561,32.264600900001824,32.564707399811596,33.04795129992999,left,-2.0,1,1,0.7931878000963479,904343,001,2025-09-02_10h25.08.348,adaptive staircase,,2025.1.1,60.36274383812665,2025-09-02 10h25.10.280458 +0530,
29,0.5,1.5,33.06448739999905,,33.04825439979322,33.06448739999905,33.54860749980435,33.54860749980435,33.56452489993535,33.86343359993771,34.28105259989388,left,-1.5,1,1,0.7211018002126366,904343,001,2025-09-02_10h25.08.348,adaptive staircase,,2025.1.1,60.36274383812665,2025-09-02 10h25.10.280458 +0530,
30,0.5,1.5,34.2971155999694,,34.281532699940726,34.2971155999694,34.78042329987511,34.78042329987511,34.79826239985414,35.07939579989761,35.58166899997741,right,1.5,1,1,0.7975037000142038,904343,001,2025-09-02_10h25.08.348,adaptive staircase,,2025.1.1,60.36274383812665,2025-09-02 10h25.10.280458 +0530,
31,0.5,1.5,35.59848919999786,,35.581952599808574,35.59848919999786,36.09846289991401,36.09846289991401,36.09846289991401,36.39825959992595,36.78379709995352,left,-1.5,1,1,0.6697852001525462,904343,001,2025-09-02_10h25.08.348,adaptive staircase,,2025.1.1,60.36274383812665,2025-09-02 10h25.10.280458 +0530,
32,0.5,1.0,36.79928529984318,,36.78408689983189,36.79928529984318,37.29682889999822,37.29682889999822,37.31304269982502,37.596632699947804,37.83289119997062,right,1.0,0,0,0.5333469000179321,904343,001,2025-09-02_10h25.08.348,adaptive staircase,,2025.1.1,60.36274383812665,2025-09-02 10h25.10.280458 +0530,
33,0.5,1.5,37.84751799982041,,37.83320220001042,37.84751799982041,38.34689179994166,38.34689179994166,38.34689179994166,38.64689199998975,38.948787699919194,right,1.5,1,1,0.5876205000095069,904343,001,2025-09-02_10h25.08.348,adaptive staircase,,2025.1.1,60.36274383812665,2025-09-02 10h25.10.280458 +0530,
34,0.5,1.5,38.963836499955505,,38.94902329985052,38.963836499955505,39.45003929990344,39.45003929990344,39.46666789986193,39.76499019982293,39.96454449999146,right,1.5,1,1,0.5111589001026005,904343,001,2025-09-02_10h25.08.348,adaptive staircase,,2025.1.1,60.36274383812665,2025-09-02 10h25.10.280458 +0530,
35,0.5,1.5,39.980602299794555,,39.96484579984099,39.980602299794555,40.46443219995126,40.46443219995126,40.4805889998097,40.76621349994093,41.3484051998239,left,-1.5,1,1,0.872924700146541,904343,001,2025-09-02_10h25.08.348,adaptive staircase,,2025.1.1,60.36274383812665,2025-09-02 10h25.10.280458 +0530,
36,0.5,1.0,41.36409149994142,,41.34866869985126,41.36409149994142,41.8641895998735,41.8641895998735,41.8641895998735,42.164242199854925,42.399694399908185,right,1.0,1,1,0.5260686001274735,904343,001,2025-09-02_10h25.08.348,adaptive staircase,,2025.1.1,60.36274383812665,2025-09-02 10h25.10.280458 +0530,
37,0.5,1.0,42.41520149982534,,42.40006519993767,42.41520149982534,42.91364769986831,42.91364769986831,42.91364769986831,43.2133290998172,43.46586489980109,left,-1.0,1,1,0.5481118999887258,904343,001,2025-09-02_10h25.08.348,adaptive staircase,,2025.1.1,60.36274383812665,2025-09-02 10h25.10.280458 +0530,
38,0.5,1.0,43.48076379997656,,43.466134999878705,43.48076379997656,43.980021599913016,43.980021599913016,43.980021599913016,44.28135389997624,44.93370019993745,left,-1.0,1,1,0.938045300077647,904343,001,2025-09-02_10h25.08.348,adaptive staircase,,2025.1.1,60.36274383812665,2025-09-02 10h25.10.280458 +0530,
39,0.5,1.0,44.948570400010794,,44.93397409981117,44.948570400010794,45.44791359989904,45.44791359989904,45.44791359989904,45.749176800018176,46.26364449993707,left,-1.0,1,1,0.8065645999740809,904343,001,2025-09-02_10h25.08.348,adaptive staircase,,2025.1.1,60.36274383812665,2025-09-02 10h25.10.280458 +0530,
40,0.5,1.0,46.27946919994429,,46.26390219992027,46.27946919994429,46.764697399921715,46.764697399921715,46.780854699900374,47.06368379993364,47.36368259997107,left,-1.0,1,1,0.59375,904343,001,2025-09-02_10h25.08.348,adaptive staircase,,2025.1.1,60.36274383812665,2025-09-02 10h25.10.280458 +0530,
41,0.5,1.0,47.379895999794826,,47.36391899990849,47.379895999794826,47.86398669984192,47.86398669984192,47.88208269979805,48.16586249996908,49.1644621999003,left,-1.0,1,1,1.296974000055343,904343,001,2025-09-02_10h25.08.348,adaptive staircase,,2025.1.1,60.36274383812665,2025-09-02 10h25.10.280458 +0530,
42,0.5,1.0,49.18087419983931,,49.16469409991987,49.18087419983931,49.66368919983506,49.66368919983506,49.68016459979117,49.964461399940774,50.348063400015235,right,1.0,1,1,0.6681925000157207,904343,001,2025-09-02_10h25.08.348,adaptive staircase,,2025.1.1,60.36274383812665,2025-09-02 10h25.10.280458 +0530,
43,0.5,1.0,50.36411859979853,,50.34840049990453,50.36411859979853,50.86469309986569,50.86469309986569,50.86469309986569,51.16356099979021,51.66591309988871,right,1.0,1,1,0.7893907001707703,904343,001,2025-09-02_10h25.08.348,adaptive staircase,,2025.1.1,60.36274383812665,2025-09-02 10h25.10.280458 +0530,
44,0.5,1.0,51.68210779991932,,51.6662553998176,51.68210779991932,52.181999599793926,52.181999599793926,52.181999599793926,52.49657459999435,52.529399499995634,right,1.0,1,1,0.33650089986622334,904343,001,2025-09-02_10h25.08.348,adaptive staircase,,2025.1.1,60.36274383812665,2025-09-02 10h25.10.280458 +0530,
45,0.5,1.0,52.54637259989977,,52.52959079993889,52.54637259989977,53.02912969980389,53.02912969980389,53.045930499909446,53.331827899906784,53.53059819992632,right,1.0,1,1,0.48841340001672506,904343,001,2025-09-02_10h25.08.348,adaptive staircase,,2025.1.1,60.36274383812665,2025-09-02 10h25.10.280458 +0530,
46,0.5,1.0,53.547724299831316,,53.53087319992483,53.547724299831316,54.03113129991107,54.03113129991107,54.047534599900246,54.33265209989622,54.682115899864584,left,-1.0,0,0,0.635122099891305,904343,001,2025-09-02_10h25.08.348,adaptive staircase,,2025.1.1,60.36274383812665,2025-09-02 10h25.10.280458 +0530,
47,0.5,1.5,54.6975853999611,,54.6823833999224,54.6975853999611,55.196473399875686,55.196473399875686,55.196473399875686,55.497216399991885,55.68270849995315,right,1.5,0,0,0.475663400022313,904343,001,2025-09-02_10h25.08.348,adaptive staircase,,2025.1.1,60.36274383812665,2025-09-02 10h25.10.280458 +0530,
48,0.5,2.0,55.699292599922046,,55.68299639993347,55.699292599922046,56.197253099875525,56.197253099875525,56.21496789995581,56.49782739998773,56.81545819994062,left,-2.0,1,1,0.6053487001918256,904343,001,2025-09-02_10h25.08.348,adaptive staircase,,2025.1.1,60.36274383812665,2025-09-02 10h25.10.280458 +0530,
49,0.5,2.0,56.83005569991656,,56.81586939981207,56.83005569991656,57.31397119979374,57.31397119979374,57.33112909994088,57.61455479986034,57.997028399957344,left,-2.0,1,1,0.67659020004794,904343,001,2025-09-02_10h25.08.348,adaptive staircase,,2025.1.1,60.36274383812665,2025-09-02 10h25.10.280458 +0530,
50,0.5,2.0,58.0140275999438,,57.99728599982336,58.0140275999438,58.49762209993787,58.49762209993787,58.51427219994366,58.79720549983904,59.01467469986528,right,2.0,1,1,0.5012041998561472,904343,001,2025-09-02_10h25.08.348,adaptive staircase,,2025.1.1,60.36274383812665,2025-09-02 10h25.10.280458 +0530,
51,0.5,1.5,59.03022899990901,,59.01491569983773,59.03022899990901,59.51424239994958,59.51424239994958,59.53103829990141,59.81490989984013,59.964426999911666,left,-1.5,1,1,0.4472434998024255,904343,001,2025-09-02_10h25.08.348,adaptive staircase,,2025.1.1,60.36274383812665,2025-09-02 10h25.10.280458 +0530,
52,0.5,1.5,59.98025519982912,,59.96471839980222,59.98025519982912,60.4631376999896,60.4631376999896,60.47980989981443,60.76426229998469,61.147679899819195,left,-1.5,1,1,0.6742920000106096,904343,001,2025-09-02_10h25.08.348,adaptive staircase,,2025.1.1,60.36274383812665,2025-09-02 10h25.10.280458 +0530,
53,0.5,1.5,61.1645252997987,,61.14791169995442,61.1645252997987,61.64865089999512,61.64865089999512,61.66501190001145,61.94789019995369,62.496720699826255,left,-1.5,1,1,0.8377845999784768,904343,001,2025-09-02_10h25.08.348,adaptive staircase,,2025.1.1,60.36274383812665,2025-09-02 10h25.10.280458 +0530,
54,0.5,1.0,62.51295899995603,,62.49695339985192,62.51295899995603,62.99803409981541,62.99803409981541,63.015643399907276,63.29854559991509,63.54761069989763,left,-1.0,1,1,0.5386707000434399,904343,001,2025-09-02_10h25.08.348,adaptive staircase,,2025.1.1,60.36274383812665,2025-09-02 10h25.10.280458 +0530,
55,0.5,1.0,63.564108999911696,,63.547900799894705,63.564108999911696,64.06319599994458,64.06319599994458,64.06319599994458,64.36352649983019,64.71456859982572,right,1.0,1,1,0.6391505999490619,904343,001,2025-09-02_10h25.08.348,adaptive staircase,,2025.1.1,60.36274383812665,2025-09-02 10h25.10.280458 +0530,
56,0.5,1.0,64.73093069996685,,64.71481669996865,64.73093069996685,65.21299449983053,65.21299449983053,65.2473063999787,65.51333609991707,65.64807789982297,right,1.0,1,1,0.4268708999734372,904343,001,2025-09-02_10h25.08.348,adaptive staircase,,2025.1.1,60.36274383812665,2025-09-02 10h25.10.280458 +0530,
57,0.5,1.0,65.66383679979481,,65.64834019984119,65.66383679979481,66.14664459996857,66.14664459996857,66.1641214999836,66.44644379988313,66.57991279987618,right,1.0,1,1,0.4295799999963492,904343,001,2025-09-02_10h25.08.348,adaptive staircase,,2025.1.1,60.36274383812665,2025-09-02 10h25.10.280458 +0530,
58,0.5,1.0,66.59772909991443,,66.5801075999625,66.59772909991443,67.0797520999331,67.0797520999331,67.1131908998359,67.3813692999538,67.5470592000056,right,1.0,1,1,0.4635493999812752,904343,001,2025-09-02_10h25.08.348,adaptive staircase,,2025.1.1,60.36274383812665,2025-09-02 10h25.10.280458 +0530,
59,0.5,1.0,67.56324899988249,,67.54729679995216,67.56324899988249,68.04663769993931,68.04663769993931,68.06339429994114,68.34818540001288,68.53278989996761,left,-1.0,1,1,0.4739423000719398,904343,001,2025-09-02_10h25.08.348,adaptive staircase,,2025.1.1,60.36274383812665,2025-09-02 10h25.10.280458 +0530,
60,0.5,1.0,68.5479204999283,,68.53311799978837,68.5479204999283,69.04650229983963,69.04650229983963,69.0640359998215,69.34733599983156,69.6822847998701,right,1.0,0,0,0.6277733999304473,904343,001,2025-09-02_10h25.08.348,adaptive staircase,,2025.1.1,60.36274383812665,2025-09-02 10h25.10.280458 +0530,
61,0.5,1.5,69.69649889995344,,69.68255479983054,69.69649889995344,70.19680899986997,70.19680899986997,70.19680899986997,,70.28161079995334,left,-1.5,0,0,0.08064830000512302,904343,001,2025-09-02_10h25.08.348,adaptive staircase,,2025.1.1,60.36274383812665,2025-09-02 10h25.10.280458 +0530,
62,0.5,2.0,70.2966174997855,,70.28185699996538,70.2966174997855,70.79788569989614,70.79788569989614,70.79788569989614,71.09858509991318,71.6643201999832,left,-2.0,1,1,0.8603125000372529,904343,001,2025-09-02_10h25.08.348,adaptive staircase,,2025.1.1,60.36274383812665,2025-09-02 10h25.10.280458 +0530,
63,0.5,2.0,71.67981689982116,,71.66458799992688,71.67981689982116,72.18044559983537,72.18044559983537,72.18044559983537,72.48082119994797,72.69864559988491,right,2.0,1,1,0.5091091000940651,904343,001,2025-09-02_10h25.08.348,adaptive staircase,,2025.1.1,60.36274383812665,2025-09-02 10h25.10.280458 +0530,
64,0.5,2.0,72.71391029981896,,72.69892090000212,72.71391029981896,73.21290579997003,73.21290579997003,73.21290579997003,73.51422579982318,73.81573439994827,left,-2.0,1,1,0.5972502999939024,904343,001,2025-09-02_10h25.08.348,adaptive staircase,,2025.1.1,60.36274383812665,2025-09-02 10h25.10.280458 +0530,
65,0.5,1.5,73.83068030001596,,73.81602539983578,73.83068030001596,74.33023259998299,74.33023259998299,74.33023259998299,74.6318661000114,74.83249109983444,right,1.5,1,1,0.48893660004250705,904343,001,2025-09-02_10h25.08.348,adaptive staircase,,2025.1.1,60.36274383812665,2025-09-02 10h25.10.280458 +0530,
66,0.5,1.5,74.84869459993206,,74.83279049978592,74.84869459993206,75.34822549996898,75.34822549996898,75.36494939983822,75.64703369978815,75.89861229993403,left,-1.5,1,1,0.5355262001976371,904343,001,2025-09-02_10h25.08.348,adaptive staircase,,2025.1.1,60.36274383812665,2025-09-02 10h25.10.280458 +0530,
67,0.5,1.5,75.9136877998244,,75.89890919998288,75.9136877998244,76.41555029992014,76.41555029992014,76.41555029992014,76.71423869999126,78.56491389987059,right,1.5,0,0,2.1458127999212593,904343,001,2025-09-02_10h25.08.348,adaptive staircase,,2025.1.1,60.36274383812665,2025-09-02 10h25.10.280458 +0530,
68,0.5,2.0,78.58123399992473,,78.56520619988441,78.58123399992473,79.0797235998325,79.0797235998325,79.09762739995494,79.3811966998037,79.56544999987818,right,2.0,1,1,0.4822674000170082,904343,001,2025-09-02_10h25.08.348,adaptive staircase,,2025.1.1,60.36274383812665,2025-09-02 10h25.10.280458 +0530,
69,0.5,2.0,79.58040029997937,,79.56573159992695,79.58040029997937,80.06564789987169,80.06564789987169,80.08105459995568,80.37991609983146,80.56461160001345,left,-2.0,1,1,0.48318200022913516,904343,001,2025-09-02_10h25.08.348,adaptive staircase,,2025.1.1,60.36274383812665,2025-09-02 10h25.10.280458 +0530,
70,0.5,2.0,80.5807626999449,,80.56488720001653,80.5807626999449,81.08029129984789,81.08029129984789,81.08029129984789,81.38080379995517,81.6829913998954,right,2.0,1,1,0.5999127000104636,904343,001,2025-09-02_10h25.08.348,adaptive staircase,,2025.1.1,60.36274383812665,2025-09-02 10h25.10.280458 +0530,
71,0.5,1.5,81.69716189987957,,81.68323379987851,81.69716189987957,82.19813309982419,82.19813309982419,82.19813309982419,82.51344509981573,82.56625189981423,left,-1.5,1,1,0.35427859984338284,904343,001,2025-09-02_10h25.08.348,adaptive staircase,,2025.1.1,60.36274383812665,2025-09-02 10h25.10.280458 +0530,
72,0.5,1.5,82.5803515999578,,82.56659439997748,82.5803515999578,83.08049739990383,83.08049739990383,83.08049739990383,83.39629689999856,83.89778089988977,left,-1.5,1,1,0.8153943000361323,904343,001,2025-09-02_10h25.08.348,adaptive staircase,,2025.1.1,60.36274383812665,2025-09-02 10h25.10.280458 +0530,
73,0.5,1.5,83.91300179995596,,83.89802109985612,83.91300179995596,84.39632679987699,84.39632679987699,84.4130963999778,84.69743319996633,84.91456689988263,left,-1.5,1,1,0.5086299001704901,904343,001,2025-09-02_10h25.08.348,adaptive staircase,,2025.1.1,60.36274383812665,2025-09-02 10h25.10.280458 +0530,
74,0.5,1.0,84.93008449999616,,84.91484649991617,84.93008449999616,85.41453069983982,85.41453069983982,85.43110789987259,85.71310959989205,85.94699479988776,left,-1.0,1,1,0.5253116998355836,904343,001,2025-09-02_10h25.08.348,adaptive staircase,,2025.1.1,60.36274383812665,2025-09-02 10h25.10.280458 +0530,
75,0.5,1.0,85.9646361998748,,85.94727529981174,85.9646361998748,86.44727209978737,86.44727209978737,86.46375130000524,86.76216259994544,87.1321953998413,right,1.0,1,1,0.6832342999987304,904343,001,2025-09-02_10h25.08.348,adaptive staircase,,2025.1.1,60.36274383812665,2025-09-02 10h25.10.280458 +0530,
76,0.5,1.0,87.14693990000524,,87.13247279985808,87.14693990000524,87.64694589981809,87.64694589981809,87.64694589981809,87.94792989990674,88.39916349994019,right,1.0,1,1,0.7497201000805944,904343,001,2025-09-02_10h25.08.348,adaptive staircase,,2025.1.1,60.36274383812665,2025-09-02 10h25.10.280458 +0530,
77,0.5,1.0,88.41482089995407,,88.39944209996611,88.41482089995407,88.91248529986478,88.91248529986478,88.92886359989643,89.21311709983274,89.49601679993793,right,1.0,0,0,0.5803322999272496,904343,001,2025-09-02_10h25.08.348,adaptive staircase,,2025.1.1,60.36274383812665,2025-09-02 10h25.10.280458 +0530,
78,0.5,1.5,89.51230639987625,,89.4962094000075,89.51230639987625,89.99604869983159,89.99604869983159,90.01256489986554,90.29759859992191,91.0140517000109,left,-1.5,1,1,1.004761900054291,904343,001,2025-09-02_10h25.08.348,adaptive staircase,,2025.1.1,60.36274383812665,2025-09-02 10h25.10.280458 +0530,
79,0.5,1.5,91.02986689982936,,91.01431659981608,91.02986689982936,91.53121679998003,91.53121679998003,91.53121679998003,91.8300193999894,92.4963094999548,left,-1.5,1,1,0.9611113001592457,904343,001,2025-09-02_10h25.08.348,adaptive staircase,,2025.1.1,60.36274383812665,2025-09-02 10h25.10.280458 +0530,
80,0.5,1.5,92.5132446999196,,92.49657119996846,92.5132446999196,92.99714969983324,92.99714969983324,93.0141915997956,93.29741919995286,93.64802829991095,right,1.5,1,1,0.6440123999491334,904343,001,2025-09-02_10h25.08.348,adaptive staircase,,2025.1.1,60.36274383812665,2025-09-02 10h25.10.280458 +0530,
81,0.5,1.0,93.66340909991413,,93.6483140999917,93.66340909991413,94.14662709995173,94.14662709995173,94.16361689986661,94.44701479980722,94.83111279993318,left,-1.0,1,1,0.6812014998868108,904343,001,2025-09-02_10h25.08.348,adaptive staircase,,2025.1.1,60.36274383812665,2025-09-02 10h25.10.280458 +0530,
82,0.5,1.0,94.84657129994594,,94.83135459991172,94.84657129994594,95.33139459998347,95.33139459998347,95.34933579992503,95.64727039984427,95.83174179983325,right,1.0,1,1,0.49337409995496273,904343,001,2025-09-02_10h25.08.348,adaptive staircase,,2025.1.1,60.36274383812665,2025-09-02 10h25.10.280458 +0530,
83,0.5,1.0,95.84801319986582,,95.83204669994302,95.84801319986582,96.33107119984925,96.33107119984925,96.34757009986788,96.63165999995545,96.98204089980572,left,-1.0,1,1,0.6462389000225812,904343,001,2025-09-02_10h25.08.348,adaptive staircase,,2025.1.1,60.36274383812665,2025-09-02 10h25.10.280458 +0530,
84,0.5,1.0,96.99632459995337,,96.98230369994417,96.99632459995337,97.49715529987589,97.49715529987589,97.49715529987589,97.7982937998604,98.21646989998408,left,-1.0,1,1,0.7175762997940183,904343,001,2025-09-02_10h25.08.348,adaptive staircase,,2025.1.1,60.36274383812665,2025-09-02 10h25.10.280458 +0530,
85,0.5,1.0,98.23133410001174,,98.21671179984696,98.23133410001174,98.72977589978836,98.72977589978836,98.72977589978836,99.02946359990165,99.38054469996132,right,1.0,0,0,0.6399944999720901,904343,001,2025-09-02_10h25.08.348,adaptive staircase,,2025.1.1,60.36274383812665,2025-09-02 10h25.10.280458 +0530,
86,0.5,1.5,99.39616160001606,,99.38081109989434,99.39616160001606,99.88150189979933,99.88150189979933,99.89714919985272,100.19632089999504,100.84762249980122,left,-1.5,1,1,0.9525169001426548,904343,001,2025-09-02_10h25.08.348,adaptive staircase,,2025.1.1,60.36274383812665,2025-09-02 10h25.10.280458 +0530,
87,0.5,1.5,100.86287899990566,,100.84797799983062,100.86287899990566,101.36183499987237,101.36183499987237,101.36183499987237,101.66369979991578,102.04707299987786,left,-1.5,1,1,0.6694479000288993,904343,001,2025-09-02_10h25.08.348,adaptive staircase,,2025.1.1,60.36274383812665,2025-09-02 10h25.10.280458 +0530,
88,0.5,1.5,102.0634653000161,,102.04740969999693,102.0634653000161,102.54781989986077,102.54781989986077,102.56496449979022,102.84616769989952,103.11614589998499,right,1.5,1,1,0.5670358999632299,904343,001,2025-09-02_10h25.08.348,adaptive staircase,,2025.1.1,60.36274383812665,2025-09-02 10h25.10.280458 +0530,
89,0.5,1.0,103.12941569997929,,103.11643379996531,103.12941569997929,103.62891959981062,103.62891959981062,103.62891959981062,103.92867059982382,104.0806366999168,left,-1.0,1,1,0.4415937000885606,904343,001,2025-09-02_10h25.08.348,adaptive staircase,,2025.1.1,60.36274383812665,2025-09-02 10h25.10.280458 +0530,
90,0.5,1.0,104.09638009988703,,104.08089479990304,104.09638009988703,104.58025019988418,104.58025019988418,104.59815589990467,104.8790593999438,105.0813561999239,left,-1.0,0,0,0.49223190010525286,904343,001,2025-09-02_10h25.08.348,adaptive staircase,,2025.1.1,60.36274383812665,2025-09-02 10h25.10.280458 +0530,
91,0.5,1.5,105.09623809996992,,105.08173689991236,105.09623809996992,105.58120439993218,105.58120439993218,105.59763909992762,105.89473599987105,106.29706709994934,left,-1.5,1,1,0.7005492001771927,904343,001,2025-09-02_10h25.08.348,adaptive staircase,,2025.1.1,60.36274383812665,2025-09-02 10h25.10.280458 +0530,
92,0.5,1.5,106.31382169993594,,106.29734179982916,106.31382169993594,106.7966637997888,106.7966637997888,106.81342609995045,107.09728619991802,107.59748449991457,left,-1.5,0,0,0.7940104000736028,904343,001,2025-09-02_10h25.08.348,adaptive staircase,,2025.1.1,60.36274383812665,2025-09-02 10h25.10.280458 +0530,
93,0.5,2.0,107.61287730000913,,107.5977430997882,107.61287730000913,108.11171909980476,108.11171909980476,108.11171909980476,108.41424479987472,108.64643199997954,left,-2.0,1,1,0.5263307997956872,904343,001,2025-09-02_10h25.08.348,adaptive staircase,,2025.1.1,60.36274383812665,2025-09-02 10h25.10.280458 +0530,
94,0.5,2.0,108.6632740998175,,108.64666879992001,108.6632740998175,109.14526149979793,109.14526149979793,109.17833909997717,109.44722979981452,109.69773899996653,right,2.0,1,1,0.5488530998118222,904343,001,2025-09-02_10h25.08.348,adaptive staircase,,2025.1.1,60.36274383812665,2025-09-02 10h25.10.280458 +0530,
95,0.5,2.0,109.71315929992124,,109.69799279980361,109.71315929992124,110.21333219995722,110.21333219995722,110.21333219995722,110.51496309996583,110.8974948998075,left,-2.0,1,1,0.6816194001585245,904343,001,2025-09-02_10h25.08.348,adaptive staircase,,2025.1.1,60.36274383812665,2025-09-02 10h25.10.280458 +0530,
96,0.5,1.5,110.91208319994621,,110.8977691999171,110.91208319994621,111.41157879983075,111.41157879983075,111.41157879983075,111.71313990000635,112.22900890000165,right,1.5,1,1,0.8044255999848247,904343,001,2025-09-02_10h25.08.348,adaptive staircase,,2025.1.1,60.36274383812665,2025-09-02 10h25.10.280458 +0530,
97,0.5,1.5,112.24524699989706,,112.22922679991461,112.24524699989706,112.73155919997953,112.73155919997953,112.74642460001633,113.03137289988808,113.26316069997847,left,-1.5,1,1,0.5284947999753058,904343,001,2025-09-02_10h25.08.348,adaptive staircase,,2025.1.1,60.36274383812665,2025-09-02 10h25.10.280458 +0530,
98,0.5,1.5,113.27954709995538,,113.26340419985354,113.27954709995538,113.76402889983729,113.76402889983729,113.78002399997786,114.07957369997166,114.14812719984911,right,1.5,0,0,0.3806165000423789,904343,001,2025-09-02_10h25.08.348,adaptive staircase,,2025.1.1,60.36274383812665,2025-09-02 10h25.10.280458 +0530,
99,0.5,2.0,114.16401889990084,,114.14849890000187,114.16401889990084,114.64846629998647,114.64846629998647,114.66574089997448,114.96376800001599,115.21232269983739,right,2.0,1,1,0.549091000109911,904343,001,2025-09-02_10h25.08.348,adaptive staircase,,2025.1.1,60.36274383812665,2025-09-02 10h25.10.280458 +0530,
