study_word,thisN,thisTrialN,thisRepN,Studyslider.response,Studyslider.rt,test_word,Reference,old_new,test_textbox.text,testmouse.x,testmouse.y,testmouse.leftButton,testmouse.midButton,testmouse.rightButton,testmouse.time,testmouse.clicked_name,trials.thisRepN,trials.thisTrialN,trials.thisN,trials.thisIndex,trials_2.thisRepN,trials_2.thisTrialN,trials_2.thisN,trials_2.thisIndex,thisRow.t,notes,trial.started,Studytext.started,Studyslider.started,trial.stopped,trials.Studyslider.response,trials.Studyslider.rt,Test.started,TestText.started,test_textbox.started,submit_text.started,testmouse.started,Test.stopped,trials_2.test_textbox.text,trials_2.testmouse.x,trials_2.testmouse.y,trials_2.testmouse.leftButton,trials_2.testmouse.midButton,trials_2.testmouse.rightButton,trials_2.testmouse.time,trials_2.testmouse.clicked_name,TestText.stopped,participant,session,date,expName,expVersion,psychopyVersion,frameRate,expStart,
marble,0,0,0,1.3422222222222222,1.8050855998881161,,,,,,,,,,,,0,0,0,3,,,,,0.023445399943739176,,0.014332199934870005,0.023445399943739176,0.023445399943739176,1.8355682999826968,1.3422222222222222,1.8050855998881161,,,,,,,,,,,,,,,,participant_2,001,2025-10-13_16h04.49.668,Deeya Word Priming,,2025.1.1,59.90904596574197,2025-10-13 16h09.46.358864 +0530,
phone,1,1,0,1.6866666666666668,0.8618290000595152,,,,,,,,,,,,0,1,1,2,,,,,1.8513464001007378,,1.841629299800843,1.8513464001007378,1.8513464001007378,2.71941260015592,1.6866666666666668,0.8618290000595152,,,,,,,,,,,,,,,,participant_2,001,2025-10-13_16h04.49.668,Deeya Word Priming,,2025.1.1,59.90904596574197,2025-10-13 16h09.46.358864 +0530,
T-shirt,2,2,0,1.9733333333333334,2.8769324999302626,,,,,,,,,,,,0,2,2,7,,,,,2.7346378001384437,,2.7274095001630485,2.7346378001384437,2.7346378001384437,5.619878299999982,1.9733333333333334,2.8769324999302626,,,,,,,,,,,,,,,,participant_2,001,2025-10-13_16h04.49.668,Deeya Word Priming,,2025.1.1,59.90904596574197,2025-10-13 16h09.46.358864 +0530,
Cruise,3,3,0,1.0711111111111111,1.07920530019328,,,,,,,,,,,,0,3,3,11,,,,,5.635134099982679,,5.624736600089818,5.635134099982679,5.635134099982679,6.719641900155693,1.0711111111111111,1.07920530019328,,,,,,,,,,,,,,,,participant_2,001,2025-10-13_16h04.49.668,Deeya Word Priming,,2025.1.1,59.90904596574197,2025-10-13 16h09.46.358864 +0530,
Chart,4,4,0,1.5888888888888888,1.9132523997686803,,,,,,,,,,,,0,4,4,6,,,,,6.735226800199598,,6.723558499943465,6.735226800199598,6.735226800199598,8.652893399819732,1.5888888888888888,1.9132523997686803,,,,,,,,,,,,,,,,participant_2,001,2025-10-13_16h04.49.668,Deeya Word Priming,,2025.1.1,59.90904596574197,2025-10-13 16h09.46.358864 +0530,
Police,5,5,0,1.5888888888888888,0.511609900277108,,,,,,,,,,,,0,5,5,12,,,,,8.667963000014424,,8.659110500011593,8.667963000014424,8.667963000014424,9.186227600090206,1.5888888888888888,0.511609900277108,,,,,,,,,,,,,,,,participant_2,001,2025-10-13_16h04.49.668,Deeya Word Priming,,2025.1.1,59.90904596574197,2025-10-13 16h09.46.358864 +0530,
cushion,6,6,0,2.035555555555556,1.2631856999360025,,,,,,,,,,,,0,6,6,1,,,,,9.201587399933487,,9.190031799953431,9.201587399933487,9.201587399933487,10.469348100014031,2.035555555555556,1.2631856999360025,,,,,,,,,,,,,,,,participant_2,001,2025-10-13_16h04.49.668,Deeya Word Priming,,2025.1.1,59.90904596574197,2025-10-13 16h09.46.358864 +0530,
board,7,7,0,2.96,1.9095050999894738,,,,,,,,,,,,0,7,7,4,,,,,10.487727699801326,,10.477436800021678,10.487727699801326,10.487727699801326,12.402886999770999,2.96,1.9095050999894738,,,,,,,,,,,,,,,,participant_2,001,2025-10-13_16h04.49.668,Deeya Word Priming,,2025.1.1,59.90904596574197,2025-10-13 16h09.46.358864 +0530,
Case,8,8,0,2.397777777777778,1.147851100191474,,,,,,,,,,,,0,8,8,10,,,,,12.418348500039428,,12.406543800141662,12.418348500039428,12.418348500039428,13.569522299803793,2.397777777777778,1.147851100191474,,,,,,,,,,,,,,,,participant_2,001,2025-10-13_16h04.49.668,Deeya Word Priming,,2025.1.1,59.90904596574197,2025-10-13 16h09.46.358864 +0530,
Poster,9,9,0,1.5977777777777777,0.8135798000730574,,,,,,,,,,,,0,9,9,14,,,,,13.584488099906594,,13.57398260012269,13.584488099906594,13.584488099906594,14.402861999813467,1.5977777777777777,0.8135798000730574,,,,,,,,,,,,,,,,participant_2,001,2025-10-13_16h04.49.668,Deeya Word Priming,,2025.1.1,59.90904596574197,2025-10-13 16h09.46.358864 +0530,
Laptop,10,10,0,1.0466666666666666,0.9626076999120414,,,,,,,,,,,,0,10,10,5,,,,,14.417996500153095,,14.408226099796593,14.417996500153095,14.417996500153095,15.38613779982552,1.0466666666666666,0.9626076999120414,,,,,,,,,,,,,,,,participant_2,001,2025-10-13_16h04.49.668,Deeya Word Priming,,2025.1.1,59.90904596574197,2025-10-13 16h09.46.358864 +0530,
Pastry,11,11,0,1.1177777777777778,1.3446598001755774,,,,,,,,,,,,0,11,11,9,,,,,15.40181259997189,,15.39265300007537,15.40181259997189,15.40181259997189,16.752752900123596,1.1177777777777778,1.3446598001755774,,,,,,,,,,,,,,,,participant_2,001,2025-10-13_16h04.49.668,Deeya Word Priming,,2025.1.1,59.90904596574197,2025-10-13 16h09.46.358864 +0530,
mouse,12,12,0,2.6422222222222222,2.830388099886477,,,,,,,,,,,,0,12,12,8,,,,,16.768312400206923,,16.75657630013302,16.768312400206923,16.768312400206923,19.60308049991727,2.6422222222222222,2.830388099886477,,,,,,,,,,,,,,,,participant_2,001,2025-10-13_16h04.49.668,Deeya Word Priming,,2025.1.1,59.90904596574197,2025-10-13 16h09.46.358864 +0530,
Keys,13,13,0,2.96,1.1955730002373457,,,,,,,,,,,,0,13,13,13,,,,,19.617949199862778,,19.608715999871492,19.617949199862778,19.617949199862778,20.819730299990624,2.96,1.1955730002373457,,,,,,,,,,,,,,,,participant_2,001,2025-10-13_16h04.49.668,Deeya Word Priming,,2025.1.1,59.90904596574197,2025-10-13 16h09.46.358864 +0530,
book,14,14,0,1.94,1.1466219001449645,,,,,,,,,,,,0,14,14,0,,,,,20.834486700128764,,20.822893999982625,20.834486700128764,20.834486700128764,21.986395500134677,1.94,1.1466219001449645,,,,,,,,,,,,,,,,participant_2,001,2025-10-13_16h04.49.668,Deeya Word Priming,,2025.1.1,59.90904596574197,2025-10-13 16h09.46.358864 +0530,
,0,0,0,,,P_li_e,Police,old,police,[np.float64(0.0005555555555555556)],[np.float64(-0.29333333333333333)],[1],[0],[0],[4.889174200128764],['submit_text'],,,,,0,0,0,7,22.011544299777597,,,,,,,,22.00152330007404,22.011544299777597,22.011544299777597,22.011544299777597,0.015104899648576975,26.89099460002035,police,[np.float64(0.0005555555555555556)],[np.float64(-0.29333333333333333)],[1],[0],[0],[4.889174200128764],['submit_text'],,participant_2,001,2025-10-13_16h04.49.668,Deeya Word Priming,,2025.1.1,59.90904596574197,2025-10-13 16h09.46.358864 +0530,
,1,1,0,,,bo_t_e,Bottle,new,bottle,[np.float64(0.0033333333333333335)],[np.float64(-0.29555555555555557)],[1],[0],[0],[3.78963530017063],['submit_text'],,,,,0,1,1,18,26.904743399936706,,,,,,,,26.895221599843353,26.904743399936706,26.904743399936706,26.904743399936706,0.0040734997019171715,30.685182299930602,bottle,[np.float64(0.0033333333333333335)],[np.float64(-0.29555555555555557)],[1],[0],[0],[3.78963530017063],['submit_text'],,participant_2,001,2025-10-13_16h04.49.668,Deeya Word Priming,,2025.1.1,59.90904596574197,2025-10-13 16h09.46.358864 +0530,
,2,2,0,,,_r_is_,Cruise,old,cruise,"[np.float64(0.021111111111111112), np.float64(0.0005555555555555556)]","[np.float64(-0.32944444444444443), np.float64(-0.31055555555555553)]","[1, 1]","[0, 0]","[0, 0]","[9.096868599765003, 10.012479399796575]","[None, 'submit_text']",,,,,0,2,2,6,30.701166400220245,,,,,,,,30.690384400077164,30.701166400220245,30.701166400220245,30.701166400220245,0.0050523001700639725,40.703224800061435,cruise,"[np.float64(0.021111111111111112), np.float64(0.0005555555555555556)]","[np.float64(-0.32944444444444443), np.float64(-0.31055555555555553)]","[1, 1]","[0, 0]","[0, 0]","[9.096868599765003, 10.012479399796575]","[None, 'submit_text']",40.70144060021266,participant_2,001,2025-10-13_16h04.49.668,Deeya Word Priming,,2025.1.1,59.90904596574197,2025-10-13 16h09.46.358864 +0530,
,3,3,0,,,_oo_,Book,old,book,[np.float64(0.0005555555555555556)],[np.float64(-0.31055555555555553)],[1],[0],[0],[1.9282448003068566],['submit_text'],,,,,0,3,3,13,40.71763940015808,,,,,,,,40.70682739978656,40.71763940015808,40.71763940015808,40.71763940015808,0.0034028999507427216,42.635427199769765,book,[np.float64(0.0005555555555555556)],[np.float64(-0.31055555555555553)],[1],[0],[0],[1.9282448003068566],['submit_text'],,participant_2,001,2025-10-13_16h04.49.668,Deeya Word Priming,,2025.1.1,59.90904596574197,2025-10-13 16h09.46.358864 +0530,
,4,4,0,,,_ou_e,mouse,old,mouse,[np.float64(0.0005555555555555556)],[np.float64(-0.31055555555555553)],[1],[0],[0],[2.3959952001459897],['submit_text'],,,,,0,4,4,3,42.65147119993344,,,,,,,,42.639820099808276,42.65147119993344,42.65147119993344,42.65147119993344,0.004215299617499113,45.03617959981784,mouse,[np.float64(0.0005555555555555556)],[np.float64(-0.31055555555555553)],[1],[0],[0],[2.3959952001459897],['submit_text'],,participant_2,001,2025-10-13_16h04.49.668,Deeya Word Priming,,2025.1.1,59.90904596574197,2025-10-13 16h09.46.358864 +0530,
,5,5,0,,,_ha_t,Chart,old,,[np.float64(0.0005555555555555556)],[np.float64(-0.31055555555555553)],[1],[0],[0],[2.4453312000259757],['submit_text'],,,,,0,5,5,1,45.05143210012466,,,,,,,,45.04055960010737,45.05143210012466,45.05143210012466,45.05143210012466,0.0041888002306222916,47.48621409991756,,[np.float64(0.0005555555555555556)],[np.float64(-0.31055555555555553)],[1],[0],[0],[2.4453312000259757],['submit_text'],,participant_2,001,2025-10-13_16h04.49.668,Deeya Word Priming,,2025.1.1,59.90904596574197,2025-10-13 16h09.46.358864 +0530,
,6,6,0,,,c_s_io_,Cushion,old,hat,[np.float64(0.0005555555555555556)],[np.float64(-0.31055555555555553)],[1],[0],[0],[1.077684999909252],['submit_text'],,,,,0,6,6,14,47.50118480017409,,,,,,,,47.4903517998755,47.50118480017409,47.50118480017409,47.50118480017409,0.003998800180852413,48.56835970003158,hat,[np.float64(0.0005555555555555556)],[np.float64(-0.31055555555555553)],[1],[0],[0],[1.077684999909252],['submit_text'],,participant_2,001,2025-10-13_16h04.49.668,Deeya Word Priming,,2025.1.1,59.90904596574197,2025-10-13 16h09.46.358864 +0530,
,7,7,0,,,v_s_,Vase,new,vase,[np.float64(0.0005555555555555556)],[np.float64(-0.31055555555555553)],[1],[0],[0],[3.262798400130123],['submit_text'],,,,,0,7,7,17,48.5840134001337,,,,,,,,48.5745171001181,48.5840134001337,48.5840134001337,48.5840134001337,0.0060026999562978745,51.837674300186336,vase,[np.float64(0.0005555555555555556)],[np.float64(-0.31055555555555553)],[1],[0],[0],[3.262798400130123],['submit_text'],,participant_2,001,2025-10-13_16h04.49.668,Deeya Word Priming,,2025.1.1,59.90904596574197,2025-10-13 16h09.46.358864 +0530,
,8,8,0,,,P_s_r_,Pastry,old,poster,[np.float64(0.0005555555555555556)],[np.float64(-0.31055555555555553)],[1],[0],[0],[5.044046200346202],['submit_text'],,,,,0,8,8,4,51.85118129989132,,,,,,,,51.841532200109214,51.85118129989132,51.85118129989132,51.85118129989132,0.003715499769896269,56.886006200220436,poster,[np.float64(0.0005555555555555556)],[np.float64(-0.31055555555555553)],[1],[0],[0],[5.044046200346202],['submit_text'],,participant_2,001,2025-10-13_16h04.49.668,Deeya Word Priming,,2025.1.1,59.90904596574197,2025-10-13 16h09.46.358864 +0530,
,9,9,0,,,c_s_,Case,old,case,[np.float64(0.04111111111111111)],[np.float64(-0.30666666666666664)],[1],[0],[0],[3.2443317999131978],['submit_text'],,,,,0,9,9,5,56.90079770004377,,,,,,,,56.890112900175154,56.90079770004377,56.90079770004377,56.90079770004377,0.0038835997693240643,60.13479939987883,case,[np.float64(0.04111111111111111)],[np.float64(-0.30666666666666664)],[1],[0],[0],[3.2443317999131978],['submit_text'],,participant_2,001,2025-10-13_16h04.49.668,Deeya Word Priming,,2025.1.1,59.90904596574197,2025-10-13 16h09.46.358864 +0530,
,10,10,0,,,K_y_,Keys,old,keys,[np.float64(0.04111111111111111)],[np.float64(-0.30666666666666664)],[1],[0],[0],[5.179323500022292],['submit_text'],,,,,0,10,10,8,60.15054300008342,,,,,,,,60.137936499901116,60.15054300008342,60.15054300008342,60.15054300008342,0.0029966002330183983,65.31752829998732,keys,[np.float64(0.04111111111111111)],[np.float64(-0.30666666666666664)],[1],[0],[0],[5.179323500022292],['submit_text'],,participant_2,001,2025-10-13_16h04.49.668,Deeya Word Priming,,2025.1.1,59.90904596574197,2025-10-13 16h09.46.358864 +0530,
,11,11,0,,,c_m_ra,Camera,new,camera,[np.float64(0.04111111111111111)],[np.float64(-0.30666666666666664)],[1],[0],[0],[6.4167882995679975],['submit_text'],,,,,0,11,11,19,65.33367419987917,,,,,,,,65.31980849988759,65.33367419987917,65.33367419987917,65.33367419987917,0.0022006002254784107,71.7369047999382,camera,[np.float64(0.04111111111111111)],[np.float64(-0.30666666666666664)],[1],[0],[0],[6.4167882995679975],['submit_text'],,participant_2,001,2025-10-13_16h04.49.668,Deeya Word Priming,,2025.1.1,59.90904596574197,2025-10-13 16h09.46.358864 +0530,
,12,12,0,,,_a_bl_,Marble,old,marble,[np.float64(0.04111111111111111)],[np.float64(-0.30666666666666664)],[1],[0],[0],[7.259970000013709],['submit_text'],,,,,0,12,12,11,71.75097530009225,,,,,,,,71.74134169984609,71.75097530009225,71.75097530009225,71.75097530009225,0.004289799835532904,79.00167659996077,marble,[np.float64(0.04111111111111111)],[np.float64(-0.30666666666666664)],[1],[0],[0],[7.259970000013709],['submit_text'],,participant_2,001,2025-10-13_16h04.49.668,Deeya Word Priming,,2025.1.1,59.90904596574197,2025-10-13 16h09.46.358864 +0530,
,13,13,0,,,l_pt_p,Laptop,old,laptop,[np.float64(0.04111111111111111)],[np.float64(-0.30666666666666664)],[1],[0],[0],[2.7629773998633027],['submit_text'],,,,,0,13,13,0,79.01735780015588,,,,,,,,79.00549090001732,79.01735780015588,79.01735780015588,79.01735780015588,0.003677000291645527,81.7688887999393,laptop,[np.float64(0.04111111111111111)],[np.float64(-0.30666666666666664)],[1],[0],[0],[2.7629773998633027],['submit_text'],,participant_2,001,2025-10-13_16h04.49.668,Deeya Word Priming,,2025.1.1,59.90904596574197,2025-10-13 16h09.46.358864 +0530,
,14,14,0,,,P_st_r,Poster,old,poster,[np.float64(0.04111111111111111)],[np.float64(-0.30666666666666664)],[1],[0],[0],[3.128138799685985],['submit_text'],,,,,0,14,14,9,81.78353289980441,,,,,,,,81.77320150006562,81.78353289980441,81.78353289980441,81.78353289980441,0.004143900237977505,84.90169449988753,poster,[np.float64(0.04111111111111111)],[np.float64(-0.30666666666666664)],[1],[0],[0],[3.128138799685985],['submit_text'],,participant_2,001,2025-10-13_16h04.49.668,Deeya Word Priming,,2025.1.1,59.90904596574197,2025-10-13 16h09.46.358864 +0530,
,15,15,0,,,_o_rd,Board,old,board,[np.float64(0.035)],[np.float64(-0.3233333333333333)],[1],[0],[0],[6.612183700315654],['submit_text'],,,,,0,15,15,10,84.91671629995108,,,,,,,,84.9056954998523,84.91671629995108,84.91671629995108,84.91671629995108,0.0038597998209297657,91.51829069992527,board,[np.float64(0.035)],[np.float64(-0.3233333333333333)],[1],[0],[0],[6.612183700315654],['submit_text'],,participant_2,001,2025-10-13_16h04.49.668,Deeya Word Priming,,2025.1.1,59.90904596574197,2025-10-13 16h09.46.358864 +0530,
,16,16,0,,,p_nc_l,Pencil,new,pencil,[np.float64(0.021666666666666667)],[np.float64(-0.31222222222222223)],[1],[0],[0],[4.828615500126034],['submit_text'],,,,,0,16,16,16,91.53468669997528,,,,,,,,91.52293490013108,91.53468669997528,91.53468669997528,91.53468669997528,0.004492700099945068,96.3520599999465,pencil,[np.float64(0.021666666666666667)],[np.float64(-0.31222222222222223)],[1],[0],[0],[4.828615500126034],['submit_text'],,participant_2,001,2025-10-13_16h04.49.668,Deeya Word Priming,,2025.1.1,59.90904596574197,2025-10-13 16h09.46.358864 +0530,
,17,17,0,,,ta_l_,Table,new,table,[np.float64(0.022222222222222223)],[np.float64(-0.30722222222222223)],[1],[0],[0],[6.694352800026536],['submit_text'],,,,,0,17,17,15,96.37021429976448,,,,,,,,96.35738979978487,96.37021429976448,96.37021429976448,96.37021429976448,0.005115100182592869,103.05219750013202,table,[np.float64(0.022222222222222223)],[np.float64(-0.30722222222222223)],[1],[0],[0],[6.694352800026536],['submit_text'],,participant_2,001,2025-10-13_16h04.49.668,Deeya Word Priming,,2025.1.1,59.90904596574197,2025-10-13 16h09.46.358864 +0530,
,18,18,0,,,T_hi_t,Tshirt,old,tshirt,[np.float64(0.022222222222222223)],[np.float64(-0.30722222222222223)],[1],[0],[0],[4.127559800166637],['submit_text'],,,,,0,18,18,2,103.06666149990633,,,,,,,,103.05682160006836,103.06666149990633,103.06666149990633,103.06666149990633,0.004419100005179644,107.1848716000095,tshirt,[np.float64(0.022222222222222223)],[np.float64(-0.30722222222222223)],[1],[0],[0],[4.127559800166637],['submit_text'],,participant_2,001,2025-10-13_16h04.49.668,Deeya Word Priming,,2025.1.1,59.90904596574197,2025-10-13 16h09.46.358864 +0530,
,19,19,0,,,_ho_e,Phone,old,phone,[np.float64(0.022222222222222223)],[np.float64(-0.30722222222222223)],[1],[0],[0],[4.077582300174981],['submit_text'],,,,,0,19,19,12,107.20019569993019,,,,,,,,107.19010839983821,107.20019569993019,107.20019569993019,107.20019569993019,0.005016099661588669,111.26818059990183,phone,[np.float64(0.022222222222222223)],[np.float64(-0.30722222222222223)],[1],[0],[0],[4.077582300174981],['submit_text'],,participant_2,001,2025-10-13_16h04.49.668,Deeya Word Priming,,2025.1.1,59.90904596574197,2025-10-13 16h09.46.358864 +0530,
