word,colour,stim_condition,correct_res,thisN,thisTrialN,thisRepN,key_resp.keys,key_resp.corr,key_resp.rt,key_resp.duration,trials.thisRepN,trials.thisTrialN,trials.thisN,trials.thisIndex,thisRow.t,notes,ins.started,text_2.started,ins.stopped,trial.started,fixation.started,fixation.stopped,text.started,key_resp.started,trial.stopped,trials.key_resp.keys,trials.key_resp.corr,trials.key_resp.rt,trials.key_resp.duration,thanks.started,text_3.started,thanks.stopped,participant,session,date,expName,expVersion,psychopyVersion,frameRate,expStart,
,,,,,,,,,,,,,,,,,0.021997100091539323,0.03726510005071759,1.0039904000004753,,,,,,,,,,,,,,participant 4,001,2025-08-25_22h30.30.936,Stroop task,,2025.1.1,60.151967898413545,2025-08-25 22h30.55.594040 +0530,
RED,blue,I,b,0,0,0,b,1,1.8137167999520898,None,0,0,0,1,1.0340706000570208,,,,,1.0180905000306666,1.0340706000570208,1.502697900054045,1.502697900054045,1.502697900054045,3.349867800017819,b,1,1.8137167999520898,None,,,,participant 4,001,2025-08-25_22h30.30.936,Stroop task,,2025.1.1,60.151967898413545,2025-08-25 22h30.55.594040 +0530,
BLUE,blue,C,b,1,1,0,b,1,1.498805099981837,None,0,1,1,3,3.3692407000344247,,,,,3.3561367000220343,3.3692407000344247,3.852635800023563,3.852635800023563,3.852635800023563,5.356318900012411,b,1,1.498805099981837,None,,,,participant 4,001,2025-08-25_22h30.30.936,Stroop task,,2025.1.1,60.151967898413545,2025-08-25 22h30.55.594040 +0530,
RED,red,C,r,2,2,0,r,1,1.3219250000547618,None,0,2,2,0,5.369066999992356,,,,,5.359601700096391,5.369066999992356,5.870506500010379,5.870506500010379,5.870506500010379,7.207847500103526,r,1,1.3219250000547618,None,,,,participant 4,001,2025-08-25_22h30.30.936,Stroop task,,2025.1.1,60.151967898413545,2025-08-25 22h30.55.594040 +0530,
BLUE,red,I,r,3,3,0,r,1,2.051057399949059,None,0,3,3,2,7.220052600023337,,,,,7.211035700049251,7.220052600023337,7.718579800100997,7.718579800100997,7.718579800100997,9.773632000084035,r,1,2.051057399949059,None,,,,participant 4,001,2025-08-25_22h30.30.936,Stroop task,,2025.1.1,60.151967898413545,2025-08-25 22h30.55.594040 +0530,
BLUE,red,I,r,4,0,1,r,1,1.0752635999815539,None,1,0,4,2,9.78540450008586,,,,,9.774085500044748,9.78540450008586,10.286832400015555,10.286832400015555,10.286832400015555,11.374260500073433,r,1,1.0752635999815539,None,,,,participant 4,001,2025-08-25_22h30.30.936,Stroop task,,2025.1.1,60.151967898413545,2025-08-25 22h30.55.594040 +0530,
RED,blue,I,b,5,1,1,b,1,1.3780443000141531,None,1,1,5,1,11.385577400098555,,,,,11.377055700053461,11.385577400098555,11.887279900023714,11.887279900023714,11.887279900023714,13.27125160000287,b,1,1.3780443000141531,None,,,,participant 4,001,2025-08-25_22h30.30.936,Stroop task,,2025.1.1,60.151967898413545,2025-08-25 22h30.55.594040 +0530,
RED,red,C,r,6,2,1,r,1,1.0367808999726549,None,1,2,6,0,13.285904300049879,,,,,13.27162060001865,13.285904300049879,13.785830500070006,13.785830500070006,13.785830500070006,14.824061300023459,r,1,1.0367808999726549,None,,,,participant 4,001,2025-08-25_22h30.30.936,Stroop task,,2025.1.1,60.151967898413545,2025-08-25 22h30.55.594040 +0530,
BLUE,blue,C,b,7,3,1,b,1,1.1489106999943033,None,1,3,7,3,14.835603400017135,,,,,14.826829500030726,14.835603400017135,15.334485100000165,15.334485100000165,15.334485100000165,16.48793669999577,b,1,1.1489106999943033,None,,,,participant 4,001,2025-08-25_22h30.30.936,Stroop task,,2025.1.1,60.151967898413545,2025-08-25 22h30.55.594040 +0530,
RED,red,C,r,8,0,2,r,1,1.0601093000732362,None,2,0,8,0,16.50124000001233,,,,,16.489938999991864,16.50124000001233,17.002614500001073,17.002614500001073,17.002614500001073,18.071468000067398,r,1,1.0601093000732362,None,,,,participant 4,001,2025-08-25_22h30.30.936,Stroop task,,2025.1.1,60.151967898413545,2025-08-25 22h30.55.594040 +0530,
BLUE,red,I,r,9,1,2,r,1,1.3327381000854075,None,2,1,9,2,18.085303500061855,,,,,18.073311500018463,18.085303500061855,18.58575200010091,18.58575200010091,18.58575200010091,19.922122800024226,r,1,1.3327381000854075,None,,,,participant 4,001,2025-08-25_22h30.30.936,Stroop task,,2025.1.1,60.151967898413545,2025-08-25 22h30.55.594040 +0530,
RED,blue,I,b,10,2,2,b,1,0.970748099964112,None,2,2,10,1,19.936297600041144,,,,,19.925162500003353,19.936297600041144,20.43628120003268,20.43628120003268,20.43628120003268,21.40792050003074,b,1,0.970748099964112,None,,,,participant 4,001,2025-08-25_22h30.30.936,Stroop task,,2025.1.1,60.151967898413545,2025-08-25 22h30.55.594040 +0530,
BLUE,blue,C,b,11,3,2,b,1,1.0246067999396473,None,2,3,11,3,21.41963580006268,,,,,21.411052700015716,21.41963580006268,21.91941610001959,21.91941610001959,21.91941610001959,22.95592060009949,b,1,1.0246067999396473,None,,,,participant 4,001,2025-08-25_22h30.30.936,Stroop task,,2025.1.1,60.151967898413545,2025-08-25 22h30.55.594040 +0530,
RED,blue,I,b,12,0,3,b,1,1.7439316000090912,None,3,0,12,1,22.96938120003324,,,,,22.958764200098813,22.96938120003324,23.469165900023654,23.469165900023654,23.469165900023654,25.222642700071447,b,1,1.7439316000090912,None,,,,participant 4,001,2025-08-25_22h30.30.936,Stroop task,,2025.1.1,60.151967898413545,2025-08-25 22h30.55.594040 +0530,
BLUE,blue,C,b,13,1,3,b,1,0.7701965000014752,None,3,1,13,3,25.235810800106265,,,,,25.225525800022297,25.235810800106265,25.73758459999226,25.73758459999226,25.73758459999226,26.522198599996045,b,1,0.7701965000014752,None,,,,participant 4,001,2025-08-25_22h30.30.936,Stroop task,,2025.1.1,60.151967898413545,2025-08-25 22h30.55.594040 +0530,
RED,red,C,r,14,2,3,r,1,1.091570100048557,None,3,2,14,0,26.535027600009926,,,,,26.5252054000739,26.535027600009926,27.035791800008155,27.035791800008155,27.035791800008155,28.140194300096482,r,1,1.091570100048557,None,,,,participant 4,001,2025-08-25_22h30.30.936,Stroop task,,2025.1.1,60.151967898413545,2025-08-25 22h30.55.594040 +0530,
BLUE,red,I,r,15,3,3,r,1,1.1590779999969527,None,3,3,15,2,28.152413500007242,,,,,28.143438300001435,28.152413500007242,28.652171300025657,28.652171300025657,28.652171300025657,29.82164720003493,r,1,1.1590779999969527,None,,,,participant 4,001,2025-08-25_22h30.30.936,Stroop task,,2025.1.1,60.151967898413545,2025-08-25 22h30.55.594040 +0530,
RED,blue,I,b,16,0,4,b,1,1.7819677999941632,None,4,0,16,1,29.83553440007381,,,,,29.825262600090355,29.83553440007381,30.335688000079244,30.335688000079244,30.335688000079244,32.12066630006302,b,1,1.7819677999941632,None,,,,participant 4,001,2025-08-25_22h30.30.936,Stroop task,,2025.1.1,60.151967898413545,2025-08-25 22h30.55.594040 +0530,
BLUE,blue,C,b,17,1,4,b,1,0.47025250003207475,None,4,1,17,3,32.13586410006974,,,,,32.12239240005147,32.13586410006974,32.6358735000249,32.6358735000249,32.6358735000249,33.120945100090466,b,1,0.47025250003207475,None,,,,participant 4,001,2025-08-25_22h30.30.936,Stroop task,,2025.1.1,60.151967898413545,2025-08-25 22h30.55.594040 +0530,
RED,red,C,r,18,2,4,r,1,0.9590760000282899,None,4,2,18,0,33.135469300090335,,,,,33.12328610010445,33.135469300090335,33.63620020006783,33.63620020006783,33.63620020006783,34.60503040009644,r,1,0.9590760000282899,None,,,,participant 4,001,2025-08-25_22h30.30.936,Stroop task,,2025.1.1,60.151967898413545,2025-08-25 22h30.55.594040 +0530,
BLUE,red,I,r,19,3,4,r,1,1.5641147000715137,None,4,3,19,2,34.62022590008564,,,,,34.607864500023425,34.62022590008564,35.11968850006815,35.11968850006815,35.11968850006815,36.68914280005265,r,1,1.5641147000715137,None,,,,participant 4,001,2025-08-25_22h30.30.936,Stroop task,,2025.1.1,60.151967898413545,2025-08-25 22h30.55.594040 +0530,
BLUE,blue,C,b,20,0,5,b,1,1.1240397000219673,None,5,0,20,3,36.702289000037126,,,,,36.68962040008046,36.702289000037126,37.202820000005886,37.202820000005886,37.202820000005886,38.3409030000912,b,1,1.1240397000219673,None,,,,participant 4,001,2025-08-25_22h30.30.936,Stroop task,,2025.1.1,60.151967898413545,2025-08-25 22h30.55.594040 +0530,
BLUE,red,I,r,21,1,5,r,1,2.0105375999119133,None,5,1,21,2,38.35257890005596,,,,,38.34140230005141,38.35257890005596,38.85165500000585,38.85165500000585,38.85165500000585,40.871276700054295,r,1,2.0105375999119133,None,,,,participant 4,001,2025-08-25_22h30.30.936,Stroop task,,2025.1.1,60.151967898413545,2025-08-25 22h30.55.594040 +0530,
RED,red,C,r,22,2,5,r,1,1.5735424999147654,None,5,2,22,0,40.88492840004619,,,,,40.87449590000324,40.88492840004619,41.38631970004644,41.38631970004644,41.38631970004644,42.972525399993174,r,1,1.5735424999147654,None,,,,participant 4,001,2025-08-25_22h30.30.936,Stroop task,,2025.1.1,60.151967898413545,2025-08-25 22h30.55.594040 +0530,
RED,blue,I,b,23,3,5,b,1,1.7834547000238672,None,5,3,23,1,42.98611749999691,,,,,42.97308850008994,42.98611749999691,43.48530940001365,43.48530940001365,43.48530940001365,45.270200000028126,b,1,1.7834547000238672,None,,,,participant 4,001,2025-08-25_22h30.30.936,Stroop task,,2025.1.1,60.151967898413545,2025-08-25 22h30.55.594040 +0530,
BLUE,red,I,r,24,0,6,r,1,1.1139390000607818,None,6,0,24,2,45.284305400098674,,,,,45.27189880004153,45.284305400098674,45.769799100002274,45.769799100002274,45.769799100002274,46.88923120009713,r,1,1.1139390000607818,None,,,,participant 4,001,2025-08-25_22h30.30.936,Stroop task,,2025.1.1,60.151967898413545,2025-08-25 22h30.55.594040 +0530,
BLUE,blue,C,b,25,1,6,b,1,1.03082089999225,None,6,1,25,3,46.90219110006001,,,,,46.88978000008501,46.90219110006001,47.402407200075686,47.402407200075686,47.402407200075686,48.439957500086166,b,1,1.03082089999225,None,,,,participant 4,001,2025-08-25_22h30.30.936,Stroop task,,2025.1.1,60.151967898413545,2025-08-25 22h30.55.594040 +0530,
RED,blue,I,b,26,2,6,b,1,1.913644100073725,None,6,2,26,1,48.45236580003984,,,,,48.44291940005496,48.45236580003984,48.952786100097,48.952786100097,48.952786100097,50.87158460007049,b,1,1.913644100073725,None,,,,participant 4,001,2025-08-25_22h30.30.936,Stroop task,,2025.1.1,60.151967898413545,2025-08-25 22h30.55.594040 +0530,
RED,red,C,r,27,3,6,r,1,1.047973299981095,None,6,3,27,0,50.88520610006526,,,,,50.87199690006673,50.88520610006526,51.38573520001955,51.38573520001955,51.38573520001955,52.439012499991804,r,1,1.047973299981095,None,,,,participant 4,001,2025-08-25_22h30.30.936,Stroop task,,2025.1.1,60.151967898413545,2025-08-25 22h30.55.594040 +0530,
RED,red,C,r,28,0,7,r,1,0.7232653999235481,None,7,0,28,0,52.45204320002813,,,,,52.43955200002529,52.45204320002813,52.951510500046425,52.951510500046425,52.951510500046425,53.68905630009249,r,1,0.7232653999235481,None,,,,participant 4,001,2025-08-25_22h30.30.936,Stroop task,,2025.1.1,60.151967898413545,2025-08-25 22h30.55.594040 +0530,
RED,blue,I,b,29,1,7,b,1,1.7304579999763519,None,7,1,29,1,53.70231459999923,,,,,53.68962310010102,53.70231459999923,54.20165550010279,54.20165550010279,54.20165550010279,55.938517500064336,b,1,1.7304579999763519,None,,,,participant 4,001,2025-08-25_22h30.30.936,Stroop task,,2025.1.1,60.151967898413545,2025-08-25 22h30.55.594040 +0530,
BLUE,red,I,r,30,2,7,r,1,2.1841535000130534,None,7,2,30,2,55.95207980007399,,,,,55.94172250002157,55.95207980007399,56.45123080001213,56.45123080001213,56.45123080001213,58.6377022000961,r,1,2.1841535000130534,None,,,,participant 4,001,2025-08-25_22h30.30.936,Stroop task,,2025.1.1,60.151967898413545,2025-08-25 22h30.55.594040 +0530,
BLUE,blue,C,b,31,3,7,b,1,0.8968691999325529,None,7,3,31,3,58.65153590007685,,,,,58.638226700015366,58.65153590007685,59.15226870006882,59.15226870006882,59.15226870006882,60.05520060006529,b,1,0.8968691999325529,None,,,,participant 4,001,2025-08-25_22h30.30.936,Stroop task,,2025.1.1,60.151967898413545,2025-08-25 22h30.55.594040 +0530,
BLUE,blue,C,b,32,0,8,b,1,0.5623640000121668,None,8,0,32,3,60.06862290005665,,,,,60.05572230007965,60.06862290005665,60.567882300005294,60.567882300005294,60.567882300005294,61.13779400009662,b,1,0.5623640000121668,None,,,,participant 4,001,2025-08-25_22h30.30.936,Stroop task,,2025.1.1,60.151967898413545,2025-08-25 22h30.55.594040 +0530,
BLUE,red,I,r,33,1,8,r,1,1.6580704000080004,None,8,1,33,2,61.151422500028275,,,,,61.13826360006351,61.151422500028275,61.652078300016,61.652078300016,61.652078300016,63.323230200097896,r,1,1.6580704000080004,None,,,,participant 4,001,2025-08-25_22h30.30.936,Stroop task,,2025.1.1,60.151967898413545,2025-08-25 22h30.55.594040 +0530,
RED,red,C,r,34,2,8,r,1,0.7973822000203654,None,8,2,34,0,63.33575700002257,,,,,63.32615600002464,63.33575700002257,63.83537800004706,63.83537800004706,63.83537800004706,64.63868100009859,r,1,0.7973822000203654,None,,,,participant 4,001,2025-08-25_22h30.30.936,Stroop task,,2025.1.1,60.151967898413545,2025-08-25 22h30.55.594040 +0530,
RED,blue,I,b,35,3,8,b,1,1.506809400045313,None,8,3,35,1,64.65210890001617,,,,,64.63917660003062,64.65210890001617,65.15187480009627,65.15187480009627,65.15187480009627,66.67254709999543,b,1,1.506809400045313,None,,,,participant 4,001,2025-08-25_22h30.30.936,Stroop task,,2025.1.1,60.151967898413545,2025-08-25 22h30.55.594040 +0530,
RED,blue,I,b,36,0,9,b,1,1.3927633999846876,None,9,0,36,1,66.68532400007825,,,,,66.67303530010395,66.68532400007825,67.1853368000593,67.1853368000593,67.1853368000593,68.58757480001077,b,1,1.3927633999846876,None,,,,participant 4,001,2025-08-25_22h30.30.936,Stroop task,,2025.1.1,60.151967898413545,2025-08-25 22h30.55.594040 +0530,
RED,red,C,r,37,1,9,r,1,0.507811599993147,None,9,1,37,0,68.60203440010082,,,,,68.5880407000659,68.60203440010082,69.10215640009847,69.10215640009847,69.10215640009847,69.62155310006347,r,1,0.507811599993147,None,,,,participant 4,001,2025-08-25_22h30.30.936,Stroop task,,2025.1.1,60.151967898413545,2025-08-25 22h30.55.594040 +0530,
BLUE,blue,C,b,38,2,9,b,1,1.1314148999517784,None,9,2,38,3,69.63486230000854,,,,,69.62444690009579,69.63486230000854,70.1353245000355,70.1353245000355,70.1353245000355,71.27229340001941,b,1,1.1314148999517784,None,,,,participant 4,001,2025-08-25_22h30.30.936,Stroop task,,2025.1.1,60.151967898413545,2025-08-25 22h30.55.594040 +0530,
BLUE,red,I,r,39,3,9,b,0,1.8137480000732467,None,9,3,39,2,71.28506770008244,,,,,71.27281770005357,71.28506770008244,71.784980299999,71.784980299999,71.784980299999,73.60531010001432,b,0,1.8137480000732467,None,,,,participant 4,001,2025-08-25_22h30.30.936,Stroop task,,2025.1.1,60.151967898413545,2025-08-25 22h30.55.594040 +0530,
,,,,,,,,,,,,,,,,,,,,,,,,,,,,,,73.6054601999931,73.61829780007247,74.60636360000353,participant 4,001,2025-08-25_22h30.30.936,Stroop task,,2025.1.1,60.151967898413545,2025-08-25 22h30.55.594040 +0530,
