pos,corr_resp,thisN,thisTrialN,thisRepN,key_resp.keys,key_resp.corr,key_resp.rt,key_resp.duration,trials.thisRepN,trials.thisTrialN,trials.thisN,trials.thisIndex,trials_2.thisRepN,trials_2.thisTrialN,trials_2.thisN,trials_2.thisIndex,thisRow.t,notes,trial.started,fixation.started,line1.started,line2.started,line3.started,line4.started,fixation.stopped,probe.started,key_resp.started,trial.stopped,trials.key_resp.keys,trials.key_resp.corr,trials.key_resp.rt,trials.key_resp.duration,trials_2.key_resp.keys,trials_2.key_resp.corr,trials_2.key_resp.rt,trials_2.key_resp.duration,participant,session,date,expName,expVersion,psychopyVersion,frameRate,expStart,
-50,x,0,0,0,x,1,0.7058689999394119,None,0,0,0,0,,,,,0.01386960013769567,,0.008415499934926629,0.01386960013769567,1.0054934001527727,1.0054934001527727,1.0054934001527727,1.0054934001527727,1.0198059999383986,2.003322800155729,2.003322800155729,2.7241484001278877,x,1,0.7058689999394119,None,,,,,participant 5,001,2025-10-03_16h27.10.982,Motor Sequence,,2025.1.1,60.1795879346554,2025-10-03 16h27.30.683712 +0530,
150,v,1,1,0,v,1,0.7273107999935746,None,0,1,1,1,,,,,2.738174800062552,,2.7245048999320716,2.738174800062552,3.7365522999316454,3.7365522999316454,3.7365522999316454,3.7365522999316454,3.7365522999316454,4.736052599968389,4.736052599968389,5.470445099985227,v,1,0.7273107999935746,None,,,,,participant 5,001,2025-10-03_16h27.10.982,Motor Sequence,,2025.1.1,60.1795879346554,2025-10-03 16h27.30.683712 +0530,
50,c,2,2,0,c,1,0.38246170012280345,None,0,2,2,2,,,,,5.488648599945009,,5.470930899959058,5.488648599945009,6.472143300110474,6.472143300110474,6.472143300110474,6.472143300110474,6.486361199989915,7.469553200062364,7.469553200062364,7.853995700133964,c,1,0.38246170012280345,None,,,,,participant 5,001,2025-10-03_16h27.10.982,Motor Sequence,,2025.1.1,60.1795879346554,2025-10-03 16h27.30.683712 +0530,
-150,z,3,3,0,z,1,0.9566473001614213,None,0,3,3,3,,,,,7.872155999997631,,7.854614800075069,7.872155999997631,8.855077200103551,8.855077200103551,8.855077200103551,8.855077200103551,8.869301600148901,9.869579199934378,9.869579199934378,10.836453099967912,z,1,0.9566473001614213,None,,,,,participant 5,001,2025-10-03_16h27.10.982,Motor Sequence,,2025.1.1,60.1795879346554,2025-10-03 16h27.30.683712 +0530,
-50,x,4,0,1,x,1,1.133066900074482,None,1,0,4,0,,,,,10.855484199943021,,10.836924300063401,10.855484199943021,11.838738800026476,11.838738800026476,11.838738800026476,11.838738800026476,11.853086699964479,12.83619279996492,12.83619279996492,13.970108600100502,x,1,1.133066900074482,None,,,,,participant 5,001,2025-10-03_16h27.10.982,Motor Sequence,,2025.1.1,60.1795879346554,2025-10-03 16h27.30.683712 +0530,
150,v,5,1,1,v,1,0.5706468001008034,None,1,1,5,1,,,,,13.988734000129625,,13.970690000103787,13.988734000129625,14.971677799941972,14.971677799941972,14.971677799941972,14.971677799941972,14.98626510007307,15.985504100099206,15.985504100099206,16.570180699927732,v,1,0.5706468001008034,None,,,,,participant 5,001,2025-10-03_16h27.10.982,Motor Sequence,,2025.1.1,60.1795879346554,2025-10-03 16h27.30.683712 +0530,
50,c,6,2,1,c,1,0.32068099989555776,None,1,2,6,2,,,,,16.588100099936128,,16.570721100084484,16.588100099936128,17.572007999988273,17.572007999988273,17.572007999988273,17.572007999988273,17.586567600024864,18.56918750004843,18.56918750004843,18.903509800089523,c,1,0.32068099989555776,None,,,,,participant 5,001,2025-10-03_16h27.10.982,Motor Sequence,,2025.1.1,60.1795879346554,2025-10-03 16h27.30.683712 +0530,
-150,z,7,3,1,z,1,0.5015443998854607,None,1,3,7,3,,,,,18.92183000012301,,18.90429909992963,18.92183000012301,19.90503849997185,19.90503849997185,19.90503849997185,19.90503849997185,19.919618400046602,20.902341899927706,20.902341899927706,21.419874500017613,z,1,0.5015443998854607,None,,,,,participant 5,001,2025-10-03_16h27.10.982,Motor Sequence,,2025.1.1,60.1795879346554,2025-10-03 16h27.30.683712 +0530,
-50,x,8,0,2,x,1,0.7344899999443442,None,2,0,8,0,,,,,21.438512300141156,,21.420415400061756,21.438512300141156,22.421624700073153,22.421624700073153,22.421624700073153,22.421624700073153,22.4362162000034,23.419383000116795,23.419383000116795,24.169748699991032,x,1,0.7344899999443442,None,,,,,participant 5,001,2025-10-03_16h27.10.982,Motor Sequence,,2025.1.1,60.1795879346554,2025-10-03 16h27.30.683712 +0530,
150,v,9,1,2,v,1,0.654280599905178,None,2,1,9,1,,,,,24.18860820005648,,24.170496999984607,24.18860820005648,25.171461699996144,25.171461699996144,25.171461699996144,25.171461699996144,25.18611240014434,26.169087199959904,26.169087199959904,26.836681799963117,v,1,0.654280599905178,None,,,,,participant 5,001,2025-10-03_16h27.10.982,Motor Sequence,,2025.1.1,60.1795879346554,2025-10-03 16h27.30.683712 +0530,
50,c,10,2,2,c,1,0.3270344000775367,None,2,2,10,2,,,,,26.855305399978533,,26.837166799930856,26.855305399978533,27.83817910007201,27.83817910007201,27.83817910007201,27.83817910007201,27.85287980013527,28.835934600094333,28.835934600094333,29.170093199936673,c,1,0.3270344000775367,None,,,,,participant 5,001,2025-10-03_16h27.10.982,Motor Sequence,,2025.1.1,60.1795879346554,2025-10-03 16h27.30.683712 +0530,
-150,z,11,3,2,z,1,0.5192690000403672,None,2,3,11,3,,,,,29.18799849995412,,29.170541800092906,29.18799849995412,30.17116879997775,30.17116879997775,30.17116879997775,30.17116879997775,30.185817300109193,31.168932700064033,31.168932700064033,31.703496100148186,z,1,0.5192690000403672,None,,,,,participant 5,001,2025-10-03_16h27.10.982,Motor Sequence,,2025.1.1,60.1795879346554,2025-10-03 16h27.30.683712 +0530,
-50,x,12,0,3,x,1,0.6468096000608057,None,3,0,12,0,,,,,31.721644999925047,,31.70407750015147,31.721644999925047,32.70516230002977,32.70516230002977,32.70516230002977,32.70516230002977,32.71922630001791,33.71886970009655,33.71886970009655,34.36943650012836,x,1,0.6468096000608057,None,,,,,participant 5,001,2025-10-03_16h27.10.982,Motor Sequence,,2025.1.1,60.1795879346554,2025-10-03 16h27.30.683712 +0530,
150,v,13,1,3,v,1,0.41250750003382564,None,3,1,13,1,,,,,34.38778210012242,,34.36988120013848,34.38778210012242,35.371502900030464,35.371502900030464,35.371502900030464,35.371502900030464,35.385989299975336,36.36907989997417,36.36907989997417,36.78637029998936,v,1,0.41250750003382564,None,,,,,participant 5,001,2025-10-03_16h27.10.982,Motor Sequence,,2025.1.1,60.1795879346554,2025-10-03 16h27.30.683712 +0530,
50,c,14,2,3,c,1,0.3158140000887215,None,3,2,14,2,,,,,36.80484550003894,,36.78676680009812,36.80484550003894,37.78819789993577,37.78819789993577,37.78819789993577,37.78819789993577,37.80260029993951,38.7854127001483,38.7854127001483,39.10267539997585,c,1,0.3158140000887215,None,,,,,participant 5,001,2025-10-03_16h27.10.982,Motor Sequence,,2025.1.1,60.1795879346554,2025-10-03 16h27.30.683712 +0530,
-150,z,15,3,3,x,0,0.7500136001035571,None,3,3,15,3,,,,,39.12131040007807,,39.103144499938935,39.12131040007807,40.10493090003729,40.10493090003729,40.10493090003729,40.10493090003729,40.11875610006973,41.1024344000034,41.1024344000034,41.86894050007686,x,0,0.7500136001035571,None,,,,,participant 5,001,2025-10-03_16h27.10.982,Motor Sequence,,2025.1.1,60.1795879346554,2025-10-03 16h27.30.683712 +0530,
-50,x,16,0,4,x,1,0.3224667999893427,None,4,0,16,0,,,,,41.888232100056484,,41.86931370012462,41.888232100056484,42.871788599994034,42.871788599994034,42.871788599994034,42.871788599994034,42.88559289998375,43.86876880005002,43.86876880005002,44.20325649995357,x,1,0.3224667999893427,None,,,,,participant 5,001,2025-10-03_16h27.10.982,Motor Sequence,,2025.1.1,60.1795879346554,2025-10-03 16h27.30.683712 +0530,
150,v,17,1,4,v,1,0.3755819001235068,None,4,1,17,1,,,,,44.22148229996674,,44.203745800070465,44.22148229996674,45.204378800000995,45.204378800000995,45.204378800000995,45.204378800000995,45.218819699948654,46.202581899939105,46.202581899939105,46.58649990009144,v,1,0.3755819001235068,None,,,,,participant 5,001,2025-10-03_16h27.10.982,Motor Sequence,,2025.1.1,60.1795879346554,2025-10-03 16h27.30.683712 +0530,
50,c,18,2,4,c,1,0.29061700007878244,None,4,2,18,2,,,,,46.6042935999576,,46.586948700016364,46.6042935999576,47.58810149994679,47.58810149994679,47.58810149994679,47.58810149994679,47.60264639998786,48.58583440002985,48.58583440002985,48.88628790015355,c,1,0.29061700007878244,None,,,,,participant 5,001,2025-10-03_16h27.10.982,Motor Sequence,,2025.1.1,60.1795879346554,2025-10-03 16h27.30.683712 +0530,
-150,z,19,3,4,z,1,0.6304011999163777,None,4,3,19,3,,,,,48.90469749993645,,48.88673359993845,48.90469749993645,49.88812949997373,49.88812949997373,49.88812949997373,49.88812949997373,49.90206620004028,50.902485199971125,50.902485199971125,51.535577500006184,z,1,0.6304011999163777,None,,,,,participant 5,001,2025-10-03_16h27.10.982,Motor Sequence,,2025.1.1,60.1795879346554,2025-10-03 16h27.30.683712 +0530,
-50,x,20,0,5,x,1,0.38468499993905425,None,5,0,20,0,,,,,51.55435730004683,,51.53609209996648,51.55435730004683,52.53840550011955,52.53840550011955,52.53840550011955,52.53840550011955,52.55235660006292,53.53540250007063,53.53540250007063,53.93755330005661,x,1,0.38468499993905425,None,,,,,participant 5,001,2025-10-03_16h27.10.982,Motor Sequence,,2025.1.1,60.1795879346554,2025-10-03 16h27.30.683712 +0530,
150,v,21,1,5,c,0,0.29547289991751313,None,5,1,21,1,,,,,53.95467959996313,,53.938785600010306,53.95467959996313,54.93821600009687,54.93821600009687,54.93821600009687,54.93821600009687,54.95247390004806,55.952046300051734,55.952046300051734,56.25222390005365,c,0,0.29547289991751313,None,,,,,participant 5,001,2025-10-03_16h27.10.982,Motor Sequence,,2025.1.1,60.1795879346554,2025-10-03 16h27.30.683712 +0530,
50,c,22,2,5,c,1,0.35256399982608855,None,5,2,22,2,,,,,56.270869800122455,,56.25266220001504,56.270869800122455,57.25468360004015,57.25468360004015,57.25468360004015,57.25468360004015,57.268746700137854,58.251737700076774,58.251737700076774,58.619298700010404,c,1,0.35256399982608855,None,,,,,participant 5,001,2025-10-03_16h27.10.982,Motor Sequence,,2025.1.1,60.1795879346554,2025-10-03 16h27.30.683712 +0530,
-150,z,23,3,5,z,1,0.3656940998043865,None,5,3,23,3,,,,,58.63764020008966,,58.619769300101325,58.63764020008966,59.620870100101456,59.620870100101456,59.620870100101456,59.620870100101456,59.634928199928254,60.63523070001975,60.63523070001975,61.00327290012501,z,1,0.3656940998043865,None,,,,,participant 5,001,2025-10-03_16h27.10.982,Motor Sequence,,2025.1.1,60.1795879346554,2025-10-03 16h27.30.683712 +0530,
-50,x,24,0,6,x,1,0.25301180011592805,None,6,0,24,0,,,,,61.02121370006353,,61.00380880013108,61.02121370006353,62.004652000032365,62.004652000032365,62.004652000032365,62.004652000032365,62.01889559999108,63.01888930005953,63.01888930005953,63.28592870011926,x,1,0.25301180011592805,None,,,,,participant 5,001,2025-10-03_16h27.10.982,Motor Sequence,,2025.1.1,60.1795879346554,2025-10-03 16h27.30.683712 +0530,
150,v,25,1,6,v,1,0.3200564000289887,None,6,1,25,1,,,,,63.3046875,,63.286479600006714,63.3046875,64.28744770004414,64.28744770004414,64.28744770004414,64.28744770004414,64.30213490012102,65.28476730012335,65.28476730012335,65.61887699994259,v,1,0.3200564000289887,None,,,,,participant 5,001,2025-10-03_16h27.10.982,Motor Sequence,,2025.1.1,60.1795879346554,2025-10-03 16h27.30.683712 +0530,
50,c,26,2,6,c,1,0.1409034999087453,None,6,2,26,2,,,,,65.6374921000097,,65.61916350014508,65.6374921000097,66.62141270004213,66.62141270004213,66.62141270004213,66.62141270004213,66.63532750005834,67.61848730011843,67.61848730011843,67.76871199999005,c,1,0.1409034999087453,None,,,,,participant 5,001,2025-10-03_16h27.10.982,Motor Sequence,,2025.1.1,60.1795879346554,2025-10-03 16h27.30.683712 +0530,
-150,z,27,3,6,z,1,0.23865189985372126,None,6,3,27,3,,,,,67.78706920007244,,67.7691323000472,67.78706920007244,68.77090619993396,68.77090619993396,68.77090619993396,68.77090619993396,68.78481720015407,69.76829320006073,69.76829320006073,70.01856380002573,z,1,0.23865189985372126,None,,,,,participant 5,001,2025-10-03_16h27.10.982,Motor Sequence,,2025.1.1,60.1795879346554,2025-10-03 16h27.30.683712 +0530,
-50,x,28,0,7,x,1,0.3269213999155909,None,7,0,28,0,,,,,70.03778750007041,,70.01897830003873,70.03778750007041,71.0212702001445,71.0212702001445,71.0212702001445,71.0212702001445,71.03475759993307,72.018219999969,72.018219999969,72.35198160004802,x,1,0.3269213999155909,None,,,,,participant 5,001,2025-10-03_16h27.10.982,Motor Sequence,,2025.1.1,60.1795879346554,2025-10-03 16h27.30.683712 +0530,
150,v,29,1,7,v,1,0.2962227000389248,None,7,1,29,1,,,,,72.37060980009846,,72.35240670014173,72.37060980009846,73.35399650014006,73.35399650014006,73.35399650014006,73.35399650014006,73.36827199999243,74.35126879997551,74.35126879997551,74.6528475000523,v,1,0.2962227000389248,None,,,,,participant 5,001,2025-10-03_16h27.10.982,Motor Sequence,,2025.1.1,60.1795879346554,2025-10-03 16h27.30.683712 +0530,
50,c,30,2,7,c,1,0.0743251999374479,None,7,2,30,2,,,,,74.67083940003067,,74.6535811999347,74.67083940003067,75.65446080011316,75.65446080011316,75.65446080011316,75.65446080011316,75.66895510000177,76.6687694999855,76.6687694999855,76.75182499992661,c,1,0.0743251999374479,None,,,,,participant 5,001,2025-10-03_16h27.10.982,Motor Sequence,,2025.1.1,60.1795879346554,2025-10-03 16h27.30.683712 +0530,
-150,z,31,3,7,z,1,0.29495089990086854,None,7,3,31,3,,,,,76.77109150006436,,76.75226829992607,76.77109150006436,77.75462720007636,77.75462720007636,77.75462720007636,77.75462720007636,77.76887449994683,78.75128520000726,78.75128520000726,79.05174560006708,z,1,0.29495089990086854,None,,,,,participant 5,001,2025-10-03_16h27.10.982,Motor Sequence,,2025.1.1,60.1795879346554,2025-10-03 16h27.30.683712 +0530,
-50,x,32,0,8,x,1,0.24582260008901358,None,8,0,32,0,,,,,79.07023079995997,,79.05212530004792,79.07023079995997,80.05414190003648,80.05414190003648,80.05414190003648,80.05414190003648,80.06817009998485,81.05158039997332,81.05158039997332,81.30227140011266,x,1,0.24582260008901358,None,,,,,participant 5,001,2025-10-03_16h27.10.982,Motor Sequence,,2025.1.1,60.1795879346554,2025-10-03 16h27.30.683712 +0530,
150,v,33,1,8,v,1,0.289131399942562,None,8,1,33,1,,,,,81.32117879996076,,81.30281509994529,81.32117879996076,82.30450309999287,82.30450309999287,82.30450309999287,82.30450309999287,82.31846640002914,83.3020246999804,83.3020246999804,83.60237019998021,v,1,0.289131399942562,None,,,,,participant 5,001,2025-10-03_16h27.10.982,Motor Sequence,,2025.1.1,60.1795879346554,2025-10-03 16h27.30.683712 +0530,
50,c,34,2,8,c,1,0.015093900030478835,None,8,2,34,2,,,,,83.62088169995695,,83.60292480001226,83.62088169995695,84.60422209999524,84.60422209999524,84.60422209999524,84.60422209999524,84.61841699993238,85.61858869995922,85.61858869995922,85.63693289994262,c,1,0.015093900030478835,None,,,,,participant 5,001,2025-10-03_16h27.10.982,Motor Sequence,,2025.1.1,60.1795879346554,2025-10-03 16h27.30.683712 +0530,
-150,z,35,3,8,z,1,0.389709800016135,None,8,3,35,3,,,,,85.6541705999989,,85.63737799995579,85.6541705999989,86.63763389992528,86.63763389992528,86.63763389992528,86.63763389992528,86.65178019995801,87.65152830001898,87.65152830001898,88.05270470003597,z,1,0.389709800016135,None,,,,,participant 5,001,2025-10-03_16h27.10.982,Motor Sequence,,2025.1.1,60.1795879346554,2025-10-03 16h27.30.683712 +0530,
-50,x,36,0,9,x,1,0.015169500140473247,None,9,0,36,0,,,,,88.0704485999886,,88.05321940011345,88.0704485999886,89.05361140007153,89.05361140007153,89.05361140007153,89.05361140007153,89.06803490011953,90.05193089996465,90.05193089996465,90.06867950013839,x,1,0.015169500140473247,None,,,,,participant 5,001,2025-10-03_16h27.10.982,Motor Sequence,,2025.1.1,60.1795879346554,2025-10-03 16h27.30.683712 +0530,
150,v,37,1,9,v,1,0.31263489997945726,None,9,1,37,1,,,,,90.08752020006068,,90.06915480014868,90.08752020006068,91.0705909000244,91.0705909000244,91.0705909000244,91.0705909000244,91.08475130004808,92.08447450003587,92.08447450003587,92.40201810002327,v,1,0.31263489997945726,None,,,,,participant 5,001,2025-10-03_16h27.10.982,Motor Sequence,,2025.1.1,60.1795879346554,2025-10-03 16h27.30.683712 +0530,
50,c,38,2,9,c,1,0.2901941000018269,None,9,2,38,2,,,,,92.42106480011716,,92.40260790009052,92.42106480011716,93.40330110001378,93.40330110001378,93.40330110001378,93.40330110001378,93.43508670013398,94.40122350002639,94.40122350002639,94.70209480007179,c,1,0.2901941000018269,None,,,,,participant 5,001,2025-10-03_16h27.10.982,Motor Sequence,,2025.1.1,60.1795879346554,2025-10-03 16h27.30.683712 +0530,
-150,z,39,3,9,z,1,0.26757879997603595,None,9,3,39,3,,,,,94.7201535999775,,94.70265450002626,94.7201535999775,95.70430080010556,95.70430080010556,95.70430080010556,95.70430080010556,95.7179336999543,96.71861600014381,96.71861600014381,97.00230820011348,z,1,0.26757879997603595,None,,,,,participant 5,001,2025-10-03_16h27.10.982,Motor Sequence,,2025.1.1,60.1795879346554,2025-10-03 16h27.30.683712 +0530,
-50,x,40,0,10,x,1,0.29157120012678206,None,10,0,40,0,,,,,97.0202945000492,,97.0027521001175,97.0202945000492,98.00403259997256,98.00403259997256,98.00403259997256,98.00403259997256,98.0182982000988,99.00155650009401,99.00155650009401,99.30222800001502,x,1,0.29157120012678206,None,,,,,participant 5,001,2025-10-03_16h27.10.982,Motor Sequence,,2025.1.1,60.1795879346554,2025-10-03 16h27.30.683712 +0530,
150,v,41,1,10,v,1,0.29171880008652806,None,10,1,41,1,,,,,99.32047710008919,,99.30267890007235,99.32047710008919,100.30347859999165,100.30347859999165,100.30347859999165,100.30347859999165,100.31781959999353,101.30155520001426,101.30155520001426,101.60180380009115,v,1,0.29171880008652806,None,,,,,participant 5,001,2025-10-03_16h27.10.982,Motor Sequence,,2025.1.1,60.1795879346554,2025-10-03 16h27.30.683712 +0530,
50,c,42,2,10,c,1,0.28082809993065894,None,10,2,42,2,,,,,101.62063320004381,,101.60228749993257,101.62063320004381,102.6039788001217,102.6039788001217,102.6039788001217,102.6039788001217,102.61832710006274,103.60166090005077,103.60166090005077,103.88519830000587,c,1,0.28082809993065894,None,,,,,participant 5,001,2025-10-03_16h27.10.982,Motor Sequence,,2025.1.1,60.1795879346554,2025-10-03 16h27.30.683712 +0530,
-150,z,43,3,10,z,1,0.9076185000594705,None,10,3,43,3,,,,,103.90392350009643,,103.88575270003639,103.90392350009643,104.88757460005581,104.88757460005581,104.88757460005581,104.88757460005581,104.90191120002419,105.88466480001807,105.88466480001807,106.80207840004005,z,1,0.9076185000594705,None,,,,,participant 5,001,2025-10-03_16h27.10.982,Motor Sequence,,2025.1.1,60.1795879346554,2025-10-03 16h27.30.683712 +0530,
-50,x,44,0,11,x,1,0.26634329999797046,None,11,0,44,0,,,,,106.82029110006988,,106.8025428999681,106.82029110006988,107.80338150006719,107.80338150006719,107.80338150006719,107.80338150006719,107.8181934999302,108.80137320002541,108.80137320002541,109.06876230007038,x,1,0.26634329999797046,None,,,,,participant 5,001,2025-10-03_16h27.10.982,Motor Sequence,,2025.1.1,60.1795879346554,2025-10-03 16h27.30.683712 +0530,
150,v,45,1,11,v,1,0.32005509990267456,None,11,1,45,1,,,,,109.08675429993309,,109.06930229999125,109.08675429993309,110.07000820012763,110.07000820012763,110.07000820012763,110.07000820012763,110.08476090012118,111.06796730007045,111.06796730007045,111.40094349998981,v,1,0.32005509990267456,None,,,,,participant 5,001,2025-10-03_16h27.10.982,Motor Sequence,,2025.1.1,60.1795879346554,2025-10-03 16h27.30.683712 +0530,
50,c,46,2,11,c,1,0.26478369999676943,None,11,2,46,2,,,,,111.41969380015507,,111.40125850006007,111.41969380015507,112.40326069993898,112.40326069993898,112.40326069993898,112.40326069993898,112.41747370013036,113.40125410002656,113.40125410002656,113.66802199999802,c,1,0.26478369999676943,None,,,,,participant 5,001,2025-10-03_16h27.10.982,Motor Sequence,,2025.1.1,60.1795879346554,2025-10-03 16h27.30.683712 +0530,
-150,z,47,3,11,z,1,0.2863347998354584,None,11,3,47,3,,,,,113.68701940006576,,113.6685597000178,113.68701940006576,114.67043630010448,114.67043630010448,114.67043630010448,114.67043630010448,114.68413630011491,115.6677407999523,115.6677407999523,115.96874679997563,z,1,0.2863347998354584,None,,,,,participant 5,001,2025-10-03_16h27.10.982,Motor Sequence,,2025.1.1,60.1795879346554,2025-10-03 16h27.30.683712 +0530,
-50,x,48,0,12,x,1,0.23873279988765717,None,12,0,48,0,,,,,115.98780689993873,,115.96934920013882,115.98780689993873,116.97054180013947,116.97054180013947,116.97054180013947,116.97054180013947,116.98459140001796,117.98383369995281,117.98383369995281,118.23511969996616,x,1,0.23873279988765717,None,,,,,participant 5,001,2025-10-03_16h27.10.982,Motor Sequence,,2025.1.1,60.1795879346554,2025-10-03 16h27.30.683712 +0530,
150,v,49,1,12,v,1,0.2693229999858886,None,12,1,49,1,,,,,118.25308230007067,,118.23559690010734,118.25308230007067,119.23726020008326,119.23726020008326,119.23726020008326,119.23726020008326,119.25138669996522,120.23462310014293,120.23462310014293,120.51804340002127,v,1,0.2693229999858886,None,,,,,participant 5,001,2025-10-03_16h27.10.982,Motor Sequence,,2025.1.1,60.1795879346554,2025-10-03 16h27.30.683712 +0530,
50,c,50,2,12,c,1,0.28986949985846877,None,12,2,50,2,,,,,120.53683270001784,,120.51854800013825,120.53683270001784,121.52058809995651,121.52058809995651,121.52058809995651,121.52058809995651,121.53456169995479,122.51787799992599,122.51787799992599,122.81817790004425,c,1,0.28986949985846877,None,,,,,participant 5,001,2025-10-03_16h27.10.982,Motor Sequence,,2025.1.1,60.1795879346554,2025-10-03 16h27.30.683712 +0530,
-150,z,51,3,12,z,1,0.3117724999319762,None,12,3,51,3,,,,,122.836538300151,,122.81873310008086,122.836538300151,123.82035570009612,123.82035570009612,123.82035570009612,123.82035570009612,123.83443629997782,124.81799699994735,124.81799699994735,125.13440690003335,z,1,0.3117724999319762,None,,,,,participant 5,001,2025-10-03_16h27.10.982,Motor Sequence,,2025.1.1,60.1795879346554,2025-10-03 16h27.30.683712 +0530,
-50,x,52,0,13,x,1,0.5320901998784393,None,13,0,52,0,,,,,125.15296590002254,,125.1347773000598,125.15296590002254,126.13685919996351,126.13685919996351,126.13685919996351,126.13685919996351,126.15119839995168,127.1342909000814,127.1342909000814,127.6683931001462,x,1,0.5320901998784393,None,,,,,participant 5,001,2025-10-03_16h27.10.982,Motor Sequence,,2025.1.1,60.1795879346554,2025-10-03 16h27.30.683712 +0530,
150,v,53,1,13,v,1,0.5070392999332398,None,13,1,53,1,,,,,127.6864227000624,,127.66888940008357,127.6864227000624,128.67029800009914,128.67029800009914,128.67029800009914,128.67029800009914,128.6846861001104,129.6843191999942,129.6843191999942,130.20157120004296,v,1,0.5070392999332398,None,,,,,participant 5,001,2025-10-03_16h27.10.982,Motor Sequence,,2025.1.1,60.1795879346554,2025-10-03 16h27.30.683712 +0530,
50,c,54,2,13,c,1,0.2682197999674827,None,13,2,54,2,,,,,130.2201249001082,,130.20202090009116,130.2201249001082,131.20283069997095,131.20283069997095,131.20283069997095,131.20283069997095,131.217212599935,132.20111949997954,132.20111949997954,132.4850366001483,c,1,0.2682197999674827,None,,,,,participant 5,001,2025-10-03_16h27.10.982,Motor Sequence,,2025.1.1,60.1795879346554,2025-10-03 16h27.30.683712 +0530,
-150,z,55,3,13,z,1,0.6064508000854403,None,13,3,55,3,,,,,132.50338250002824,,132.48553439998068,132.50338250002824,133.4866333999671,133.4866333999671,133.4866333999671,133.4866333999671,133.50111680012196,134.48426229995675,134.48426229995675,135.10086430003867,z,1,0.6064508000854403,None,,,,,participant 5,001,2025-10-03_16h27.10.982,Motor Sequence,,2025.1.1,60.1795879346554,2025-10-03 16h27.30.683712 +0530,
-50,x,56,0,14,x,1,0.26783489994704723,None,14,0,56,0,,,,,135.1199082999956,,135.10112150013447,135.1199082999956,136.10342409997247,136.10342409997247,136.10342409997247,136.10342409997247,136.11763320001774,137.10059879999608,137.10059879999608,137.3854171000421,x,1,0.26783489994704723,None,,,,,participant 5,001,2025-10-03_16h27.10.982,Motor Sequence,,2025.1.1,60.1795879346554,2025-10-03 16h27.30.683712 +0530,
150,v,57,1,14,v,1,0.3818750998470932,None,14,1,57,1,,,,,137.4030967000872,,137.38651680015028,137.4030967000872,138.3859520999249,138.3859520999249,138.3859520999249,138.3859520999249,138.40045730001293,139.40143120009452,139.40143120009452,139.78508289996535,v,1,0.3818750998470932,None,,,,,participant 5,001,2025-10-03_16h27.10.982,Motor Sequence,,2025.1.1,60.1795879346554,2025-10-03 16h27.30.683712 +0530,
50,c,58,2,14,c,1,0.003756500082090497,None,14,2,58,2,,,,,139.80332450009882,,139.78575769998133,139.80332450009882,140.78626270010136,140.78626270010136,140.78626270010136,140.78626270010136,140.8006267999299,141.8007329001557,141.8007329001557,141.81854479992762,c,1,0.003756500082090497,None,,,,,participant 5,001,2025-10-03_16h27.10.982,Motor Sequence,,2025.1.1,60.1795879346554,2025-10-03 16h27.30.683712 +0530,
-150,z,59,3,14,z,1,0.27238420001231134,None,14,3,59,3,,,,,141.83649650006555,,141.8190624001436,141.83649650006555,142.81942740012892,142.81942740012892,142.81942740012892,142.81942740012892,142.83340970007703,143.83468329999596,143.83468329999596,144.1174751999788,z,1,0.27238420001231134,None,,,,,participant 5,001,2025-10-03_16h27.10.982,Motor Sequence,,2025.1.1,60.1795879346554,2025-10-03 16h27.30.683712 +0530,
-50,x,60,0,15,x,1,0.10253369994461536,None,15,0,60,0,,,,,144.13582910015248,,144.11786480015144,144.13582910015248,145.1193914001342,145.1193914001342,145.1193914001342,145.1193914001342,145.13368460000493,146.1168023000937,146.1168023000937,146.2340488000773,x,1,0.10253369994461536,None,,,,,participant 5,001,2025-10-03_16h27.10.982,Motor Sequence,,2025.1.1,60.1795879346554,2025-10-03 16h27.30.683712 +0530,
150,v,61,1,15,v,1,0.3344745999202132,None,15,1,61,1,,,,,146.25257440004498,,146.23445000010543,146.25257440004498,147.23619040008634,147.23619040008634,147.23619040008634,147.23619040008634,147.25076550012454,148.23375750007108,148.23375750007108,148.5845765999984,v,1,0.3344745999202132,None,,,,,participant 5,001,2025-10-03_16h27.10.982,Motor Sequence,,2025.1.1,60.1795879346554,2025-10-03 16h27.30.683712 +0530,
50,c,62,2,15,c,1,0.25583230005577207,None,15,2,62,2,,,,,148.60311420005746,,148.5850329999812,148.60311420005746,149.586283700075,149.586283700075,149.586283700075,149.586283700075,149.60119469999336,150.60037270002067,150.60037270002067,150.8682073999662,c,1,0.25583230005577207,None,,,,,participant 5,001,2025-10-03_16h27.10.982,Motor Sequence,,2025.1.1,60.1795879346554,2025-10-03 16h27.30.683712 +0530,
-150,z,63,3,15,z,1,0.23221589997410774,None,15,3,63,3,,,,,150.88664719997905,,150.86878919997253,150.88664719997905,151.86978629999794,151.86978629999794,151.86978629999794,151.86978629999794,151.88394640013576,152.8673962999601,152.8673962999601,153.10167500004172,z,1,0.23221589997410774,None,,,,,participant 5,001,2025-10-03_16h27.10.982,Motor Sequence,,2025.1.1,60.1795879346554,2025-10-03 16h27.30.683712 +0530,
-50,x,64,0,16,x,1,0.26285360008478165,None,16,0,64,0,,,,,153.11946980003268,,153.1021441000048,153.11946980003268,154.10387039999478,154.10387039999478,154.10387039999478,154.10387039999478,154.11749480012804,155.11742040002719,155.11742040002719,155.38455990003422,x,1,0.26285360008478165,None,,,,,participant 5,001,2025-10-03_16h27.10.982,Motor Sequence,,2025.1.1,60.1795879346554,2025-10-03 16h27.30.683712 +0530,
150,v,65,1,16,v,1,0.34691120008938015,None,16,1,65,1,,,,,155.4031281999778,,155.38512300001457,155.4031281999778,156.38671560003422,156.38671560003422,156.38671560003422,156.38671560003422,156.40083250007592,157.38357169996016,157.38357169996016,157.73451490001753,v,1,0.34691120008938015,None,,,,,participant 5,001,2025-10-03_16h27.10.982,Motor Sequence,,2025.1.1,60.1795879346554,2025-10-03 16h27.30.683712 +0530,
50,c,66,2,16,c,1,0.33195689995773137,None,16,2,66,2,,,,,157.75300080003217,,157.73498650011607,157.75300080003217,158.73572470014915,158.73572470014915,158.73572470014915,158.73572470014915,158.7499520999845,159.75060759996995,159.75060759996995,160.08469550008886,c,1,0.33195689995773137,None,,,,,participant 5,001,2025-10-03_16h27.10.982,Motor Sequence,,2025.1.1,60.1795879346554,2025-10-03 16h27.30.683712 +0530,
-150,z,67,3,16,z,1,0.517096099909395,None,16,3,67,3,,,,,160.1028215000406,,160.08517930004746,160.1028215000406,161.08567850012332,161.08567850012332,161.08567850012332,161.08567850012332,161.10039380006492,162.08381580002606,162.08381580002606,162.6170351000037,z,1,0.517096099909395,None,,,,,participant 5,001,2025-10-03_16h27.10.982,Motor Sequence,,2025.1.1,60.1795879346554,2025-10-03 16h27.30.683712 +0530,
-50,x,68,0,17,x,1,0.17499860003590584,None,17,0,68,0,,,,,162.6359043000266,,162.61730229994282,162.6359043000266,163.61960720014758,163.61960720014758,163.61960720014758,163.61960720014758,163.63358559994958,164.6177384001203,164.6177384001203,164.80093859997578,x,1,0.17499860003590584,None,,,,,participant 5,001,2025-10-03_16h27.10.982,Motor Sequence,,2025.1.1,60.1795879346554,2025-10-03 16h27.30.683712 +0530,
150,v,69,1,17,v,1,0.2277983999811113,None,17,1,69,1,,,,,164.81969460006803,,164.80147800012492,164.81969460006803,165.8029181000311,165.8029181000311,165.8029181000311,165.8029181000311,165.81710129999556,166.8004079000093,166.8004079000093,167.0334443000611,v,1,0.2277983999811113,None,,,,,participant 5,001,2025-10-03_16h27.10.982,Motor Sequence,,2025.1.1,60.1795879346554,2025-10-03 16h27.30.683712 +0530,
50,c,70,2,17,c,1,0.2421196000650525,None,17,2,70,2,,,,,167.05211409996264,,167.03367209993303,167.05211409996264,168.03631270001642,168.03631270001642,168.03631270001642,168.03631270001642,168.05054570012726,169.03405690006912,169.03405690006912,169.28397809993476,c,1,0.2421196000650525,None,,,,,participant 5,001,2025-10-03_16h27.10.982,Motor Sequence,,2025.1.1,60.1795879346554,2025-10-03 16h27.30.683712 +0530,
-150,z,71,3,17,z,1,0.033775500021874905,None,17,3,71,3,,,,,169.30305530014448,,169.28469280013815,169.30305530014448,170.28575369995087,170.28575369995087,170.28575369995087,170.28575369995087,170.29989239992574,171.28331920015626,171.28331920015626,171.31777349999174,z,1,0.033775500021874905,None,,,,,participant 5,001,2025-10-03_16h27.10.982,Motor Sequence,,2025.1.1,60.1795879346554,2025-10-03 16h27.30.683712 +0530,
-50,x,72,0,18,x,1,0.19673560000956059,None,18,0,72,0,,,,,171.33556949999183,,171.31826269999146,171.33556949999183,172.3196503999643,172.3196503999643,172.3196503999643,172.3196503999643,172.33397010015324,173.3336191000417,173.3336191000417,173.5344686000608,x,1,0.19673560000956059,None,,,,,participant 5,001,2025-10-03_16h27.10.982,Motor Sequence,,2025.1.1,60.1795879346554,2025-10-03 16h27.30.683712 +0530,
150,v,73,1,18,v,1,0.2035195000935346,None,18,1,73,1,,,,,173.5534552000463,,173.53504590014927,173.5534552000463,174.53610610007308,174.53610610007308,174.53610610007308,174.53610610007308,174.55045440001413,175.53373600007035,175.53373600007035,175.75012690015137,v,1,0.2035195000935346,None,,,,,participant 5,001,2025-10-03_16h27.10.982,Motor Sequence,,2025.1.1,60.1795879346554,2025-10-03 16h27.30.683712 +0530,
50,c,74,2,18,c,1,0.25230890000239015,None,18,2,74,2,,,,,175.7688297999557,,175.75044830003753,175.7688297999557,176.7526647001505,176.7526647001505,176.7526647001505,176.7526647001505,176.76706079998985,177.750529400073,177.750529400073,178.01726110000163,c,1,0.25230890000239015,None,,,,,participant 5,001,2025-10-03_16h27.10.982,Motor Sequence,,2025.1.1,60.1795879346554,2025-10-03 16h27.30.683712 +0530,
-150,z,75,3,18,z,1,0.019008399918675423,None,18,3,75,3,,,,,178.03538409993052,,178.0176965999417,178.03538409993052,179.01904870010912,179.01904870010912,179.01904870010912,179.01904870010912,179.03335810010321,180.01645900006406,180.01645900006406,180.05037280009128,z,1,0.019008399918675423,None,,,,,participant 5,001,2025-10-03_16h27.10.982,Motor Sequence,,2025.1.1,60.1795879346554,2025-10-03 16h27.30.683712 +0530,
-50,x,76,0,19,x,1,0.2657661000266671,None,19,0,76,0,,,,,180.0695859999396,,180.05081519996747,180.0695859999396,181.0530499999877,181.0530499999877,181.0530499999877,181.0530499999877,181.06690139998682,182.04964620014653,182.04964620014653,182.31796979997307,x,1,0.2657661000266671,None,,,,,participant 5,001,2025-10-03_16h27.10.982,Motor Sequence,,2025.1.1,60.1795879346554,2025-10-03 16h27.30.683712 +0530,
150,v,77,1,19,v,1,0.2598202999215573,None,19,1,77,1,,,,,182.33568540005945,,182.31844940013252,182.33568540005945,183.3193687000312,183.3193687000312,183.3193687000312,183.3193687000312,183.33363969996572,184.33332030009478,184.33332030009478,184.60037670005113,v,1,0.2598202999215573,None,,,,,participant 5,001,2025-10-03_16h27.10.982,Motor Sequence,,2025.1.1,60.1795879346554,2025-10-03 16h27.30.683712 +0530,
50,c,78,2,19,c,1,0.18934829998761415,None,19,2,78,2,,,,,184.61874389997683,,184.6008603000082,184.61874389997683,185.60258390009403,185.60258390009403,185.60258390009403,185.60258390009403,185.6167834000662,186.6003134001512,186.6003134001512,186.80061010015197,c,1,0.18934829998761415,None,,,,,participant 5,001,2025-10-03_16h27.10.982,Motor Sequence,,2025.1.1,60.1795879346554,2025-10-03 16h27.30.683712 +0530,
-150,z,79,3,19,z,1,0.25106159993447363,None,19,3,79,3,,,,,186.8186127000954,,186.80110680009238,186.8186127000954,187.80221290001646,187.80221290001646,187.80221290001646,187.80221290001646,187.81692120013759,188.8002184999641,188.8002184999641,189.0669162000995,z,1,0.25106159993447363,None,,,,,participant 5,001,2025-10-03_16h27.10.982,Motor Sequence,,2025.1.1,60.1795879346554,2025-10-03 16h27.30.683712 +0530,
-50,x,80,0,20,x,1,0.03744590003043413,None,20,0,80,0,,,,,189.08527559996583,,189.06721849995665,189.08527559996583,190.06922619999386,190.06922619999386,190.06922619999386,190.06922619999386,190.08362259995192,191.06686070002615,191.06686070002615,191.1172385001555,x,1,0.03744590003043413,None,,,,,participant 5,001,2025-10-03_16h27.10.982,Motor Sequence,,2025.1.1,60.1795879346554,2025-10-03 16h27.30.683712 +0530,
150,v,81,1,20,v,1,0.2151325000450015,None,20,1,81,1,,,,,191.1358022999484,,191.11772190011106,191.1358022999484,192.1191086000763,192.1191086000763,192.1191086000763,192.1191086000763,192.1333300000988,193.13352810009383,193.13352810009383,193.35080270003527,v,1,0.2151325000450015,None,,,,,participant 5,001,2025-10-03_16h27.10.982,Motor Sequence,,2025.1.1,60.1795879346554,2025-10-03 16h27.30.683712 +0530,
50,c,82,2,20,c,1,0.2778837000951171,None,20,2,82,2,,,,,193.3690377001185,,193.3512740000151,193.3690377001185,194.35237219999544,194.35237219999544,194.35237219999544,194.35237219999544,194.36698970012367,195.3501204000786,195.3501204000786,195.63348880014382,c,1,0.2778837000951171,None,,,,,participant 5,001,2025-10-03_16h27.10.982,Motor Sequence,,2025.1.1,60.1795879346554,2025-10-03 16h27.30.683712 +0530,
-150,z,83,3,20,z,1,0.21982280001975596,None,20,3,83,3,,,,,195.6520263000857,,195.633983500069,195.6520263000857,196.63579920004122,196.63579920004122,196.63579920004122,196.63579920004122,196.6500300001353,197.63314429996535,197.63314429996535,197.86667080014013,z,1,0.21982280001975596,None,,,,,participant 5,001,2025-10-03_16h27.10.982,Motor Sequence,,2025.1.1,60.1795879346554,2025-10-03 16h27.30.683712 +0530,
-50,x,84,0,21,x,1,0.09993440005928278,None,21,0,84,0,,,,,197.8850404000841,,197.86705640004948,197.8850404000841,198.86989630013704,198.86989630013704,198.86989630013704,198.86989630013704,198.8837725999765,199.8669372999575,199.8669372999575,199.9852358000353,x,1,0.09993440005928278,None,,,,,participant 5,001,2025-10-03_16h27.10.982,Motor Sequence,,2025.1.1,60.1795879346554,2025-10-03 16h27.30.683712 +0530,
150,v,85,1,21,v,1,0.25029320013709366,None,21,1,85,1,,,,,200.00255710002966,,199.98604670003988,200.00255710002966,200.98594249994494,200.98594249994494,200.98594249994494,200.98594249994494,201.00040860008448,201.99981740000658,201.99981740000658,202.26659180014394,v,1,0.25029320013709366,None,,,,,participant 5,001,2025-10-03_16h27.10.982,Motor Sequence,,2025.1.1,60.1795879346554,2025-10-03 16h27.30.683712 +0530,
50,c,86,2,21,c,1,0.11266199988313019,None,21,2,86,2,,,,,202.2851185000036,,202.26704990002327,202.2851185000036,203.26933860010467,203.26933860010467,203.26933860010467,203.26933860010467,203.28368970006704,204.2665409001056,204.2665409001056,204.3845347999595,c,1,0.11266199988313019,None,,,,,participant 5,001,2025-10-03_16h27.10.982,Motor Sequence,,2025.1.1,60.1795879346554,2025-10-03 16h27.30.683712 +0530,
-150,z,87,3,21,z,1,0.1983374000992626,None,21,3,87,3,,,,,204.4021475999616,,204.38545770011842,204.4021475999616,205.38580069993623,205.38580069993623,205.38580069993623,205.38580069993623,205.39974170015194,206.39999620011076,206.39999620011076,206.60028180014342,z,1,0.1983374000992626,None,,,,,participant 5,001,2025-10-03_16h27.10.982,Motor Sequence,,2025.1.1,60.1795879346554,2025-10-03 16h27.30.683712 +0530,
-50,x,88,0,22,x,1,0.09845459996722639,None,22,0,88,0,,,,,206.61849740007892,,206.60072869993746,206.61849740007892,207.60242370003834,207.60242370003834,207.60242370003834,207.60242370003834,207.61626649997197,208.61654440010898,208.61654440010898,208.71754939993843,x,1,0.09845459996722639,None,,,,,participant 5,001,2025-10-03_16h27.10.982,Motor Sequence,,2025.1.1,60.1795879346554,2025-10-03 16h27.30.683712 +0530,
150,v,89,1,22,v,1,0.2010403999593109,None,22,1,89,1,,,,,208.73530340008438,,208.71808600006625,208.73530340008438,209.71914450009353,209.71914450009353,209.71914450009353,209.71914450009353,209.73347790003754,210.73306260001846,210.73306260001846,210.95108400005847,v,1,0.2010403999593109,None,,,,,participant 5,001,2025-10-03_16h27.10.982,Motor Sequence,,2025.1.1,60.1795879346554,2025-10-03 16h27.30.683712 +0530,
50,c,90,2,22,c,1,0.21780130011029541,None,22,2,90,2,,,,,210.9693706999533,,210.95166070014238,210.9693706999533,211.95224669994786,211.95224669994786,211.95224669994786,211.95224669994786,211.966527499957,212.96658460004255,212.96658460004255,213.20080920006149,c,1,0.21780130011029541,None,,,,,participant 5,001,2025-10-03_16h27.10.982,Motor Sequence,,2025.1.1,60.1795879346554,2025-10-03 16h27.30.683712 +0530,
-150,z,91,3,22,z,1,0.23167639994062483,None,22,3,91,3,,,,,213.21908150007948,,213.20151509996504,213.21908150007948,214.20170640014112,214.20170640014112,214.20170640014112,214.20170640014112,214.21631729998626,215.21655609994195,215.21655609994195,215.4504744000733,z,1,0.23167639994062483,None,,,,,participant 5,001,2025-10-03_16h27.10.982,Motor Sequence,,2025.1.1,60.1795879346554,2025-10-03 16h27.30.683712 +0530,
-50,x,92,0,23,x,1,0.22718929988332093,None,23,0,92,0,,,,,215.46931180008687,,215.45119670010172,215.46931180008687,216.45217970013618,216.45217970013618,216.45217970013618,216.45217970013618,216.4663722999394,217.4492069000844,217.4492069000844,217.68393469997682,x,1,0.22718929988332093,None,,,,,participant 5,001,2025-10-03_16h27.10.982,Motor Sequence,,2025.1.1,60.1795879346554,2025-10-03 16h27.30.683712 +0530,
150,v,93,1,23,v,1,0.0818427000194788,None,23,1,93,1,,,,,217.7021125999745,,217.68447350012138,217.7021125999745,218.6855121999979,218.6855121999979,218.6855121999979,218.6855121999979,218.69903260003775,219.68298749998212,219.68298749998212,219.76699970010668,v,1,0.0818427000194788,None,,,,,participant 5,001,2025-10-03_16h27.10.982,Motor Sequence,,2025.1.1,60.1795879346554,2025-10-03 16h27.30.683712 +0530,
50,c,94,2,23,c,1,0.29583570011891425,None,23,2,94,2,,,,,219.78479390009306,,219.76744550000876,219.78479390009306,220.76869669998996,220.76869669998996,220.76869669998996,220.76869669998996,220.78241929993965,221.7663070000708,221.7663070000708,222.06698260013945,c,1,0.29583570011891425,None,,,,,participant 5,001,2025-10-03_16h27.10.982,Motor Sequence,,2025.1.1,60.1795879346554,2025-10-03 16h27.30.683712 +0530,
-150,z,95,3,23,z,1,0.09837649995461106,None,23,3,95,3,,,,,222.08549440000206,,222.0675483001396,222.08549440000206,223.06827119993977,223.06827119993977,223.06827119993977,223.06827119993977,223.0827959999442,224.06619650009088,224.06619650009088,224.1668653001543,z,1,0.09837649995461106,None,,,,,participant 5,001,2025-10-03_16h27.10.982,Motor Sequence,,2025.1.1,60.1795879346554,2025-10-03 16h27.30.683712 +0530,
-50,x,96,0,24,x,1,0.1334798000752926,None,24,0,96,0,,,,,224.18519819993526,,224.16761050000787,224.18519819993526,225.1684910999611,225.1684910999611,225.1684910999611,225.1684910999611,225.1829816000536,226.16650720010512,226.16650720010512,226.31695330003276,x,1,0.1334798000752926,None,,,,,participant 5,001,2025-10-03_16h27.10.982,Motor Sequence,,2025.1.1,60.1795879346554,2025-10-03 16h27.30.683712 +0530,
150,v,97,1,24,v,1,0.680559900123626,None,24,1,97,1,,,,,226.33571949996985,,226.3176997001283,226.33571949996985,227.31818850012496,227.31818850012496,227.31818850012496,227.31818850012496,227.33291150000878,228.31610279995948,228.31610279995948,228.9994906000793,v,1,0.680559900123626,None,,,,,participant 5,001,2025-10-03_16h27.10.982,Motor Sequence,,2025.1.1,60.1795879346554,2025-10-03 16h27.30.683712 +0530,
50,c,98,2,24,c,1,0.20833759987726808,None,24,2,98,2,,,,,229.01868849992752,,229.00009849993512,229.01868849992752,230.0013393999543,230.0013393999543,230.0013393999543,230.0013393999543,230.01588550000452,230.99952440010384,230.99952440010384,231.21672160015441,c,1,0.20833759987726808,None,,,,,participant 5,001,2025-10-03_16h27.10.982,Motor Sequence,,2025.1.1,60.1795879346554,2025-10-03 16h27.30.683712 +0530,
-150,z,99,3,24,z,1,0.19141299999319017,None,24,3,99,3,,,,,231.23448020010255,,231.21716210013255,231.23448020010255,232.2182010000106,232.2182010000106,232.2182010000106,232.2182010000106,232.23307400010526,233.21564830001444,233.21564830001444,233.41664219996892,z,1,0.19141299999319017,None,,,,,participant 5,001,2025-10-03_16h27.10.982,Motor Sequence,,2025.1.1,60.1795879346554,2025-10-03 16h27.30.683712 +0530,
150,v,0,0,0,x,0,0.16848169988952577,None,,,,,0,0,0,1,233.4350743999239,,233.42581779998727,233.4350743999239,234.41828169999644,234.41828169999644,234.41828169999644,234.41828169999644,234.43214559997432,235.41617770004086,235.41617770004086,235.60013040015474,,,,,x,0,0.16848169988952577,None,participant 5,001,2025-10-03_16h27.10.982,Motor Sequence,,2025.1.1,60.1795879346554,2025-10-03 16h27.30.683712 +0530,
50,c,1,1,0,c,1,0.547220200067386,None,,,,,0,1,1,2,235.61898240004666,,235.601124699926,235.61898240004666,236.6013104999438,236.6013104999438,236.6013104999438,236.6013104999438,236.63195260008797,237.61614029994234,237.61614029994234,238.16633150004782,,,,,c,1,0.547220200067386,None,participant 5,001,2025-10-03_16h27.10.982,Motor Sequence,,2025.1.1,60.1795879346554,2025-10-03 16h27.30.683712 +0530,
150,v,2,2,1,v,1,0.5993104998487979,None,,,,,1,2,2,1,238.1853169000242,,238.1668635001406,238.1853169000242,239.16830489994027,239.16830489994027,239.16830489994027,239.16830489994027,239.18271400011145,240.16588099999353,240.16588099999353,240.76738300011493,,,,,v,1,0.5993104998487979,None,participant 5,001,2025-10-03_16h27.10.982,Motor Sequence,,2025.1.1,60.1795879346554,2025-10-03 16h27.30.683712 +0530,
-150,z,3,3,0,z,1,0.6986176001373678,None,,,,,0,3,3,3,240.78569460008293,,240.76797339995392,240.78569460008293,241.76822770014405,241.76822770014405,241.76822770014405,241.76822770014405,241.78258690005168,242.7824558999855,242.7824558999855,243.48332190001383,,,,,z,1,0.6986176001373678,None,participant 5,001,2025-10-03_16h27.10.982,Motor Sequence,,2025.1.1,60.1795879346554,2025-10-03 16h27.30.683712 +0530,
-150,z,4,4,1,z,1,0.9422921999357641,None,,,,,1,4,4,3,243.5010631000623,,243.48381040012464,243.5010631000623,244.484597499948,244.484597499948,244.484597499948,244.484597499948,244.49947159993462,245.4994145000819,245.4994145000819,246.44993250002153,,,,,z,1,0.9422921999357641,None,participant 5,001,2025-10-03_16h27.10.982,Motor Sequence,,2025.1.1,60.1795879346554,2025-10-03 16h27.30.683712 +0530,
-150,z,5,5,2,z,1,0.8886657000984997,None,,,,,2,5,5,3,246.4679889001418,,246.45051999995485,246.4679889001418,247.4514119999949,247.4514119999949,247.4514119999949,247.4514119999949,247.46527589997277,248.44932990008965,248.44932990008965,249.35034610005096,,,,,z,1,0.8886657000984997,None,participant 5,001,2025-10-03_16h27.10.982,Motor Sequence,,2025.1.1,60.1795879346554,2025-10-03 16h27.30.683712 +0530,
-150,z,6,6,3,z,1,0.5241136001423001,None,,,,,3,6,6,3,249.36883509997278,,249.35088889999315,249.36883509997278,250.35205380013213,250.35205380013213,250.35205380013213,250.35205380013213,250.3657253999263,251.36561700003222,251.36561700003222,251.89980190014467,,,,,z,1,0.5241136001423001,None,participant 5,001,2025-10-03_16h27.10.982,Motor Sequence,,2025.1.1,60.1795879346554,2025-10-03 16h27.30.683712 +0530,
150,v,7,7,2,v,1,0.9106397000141442,None,,,,,2,7,7,1,251.91780579998158,,251.90028050006367,251.91780579998158,252.90105210011825,252.90105210011825,252.90105210011825,252.90105210011825,252.91541140014306,253.91524320002645,253.91524320002645,254.83271840005182,,,,,v,1,0.9106397000141442,None,participant 5,001,2025-10-03_16h27.10.982,Motor Sequence,,2025.1.1,60.1795879346554,2025-10-03 16h27.30.683712 +0530,
50,c,8,8,1,c,1,0.665363100124523,None,,,,,1,8,8,2,254.85089610004798,,254.83316999999806,254.85089610004798,255.8341447999701,255.8341447999701,255.8341447999701,255.8341447999701,255.8485326000955,256.8323580001015,256.8323580001015,257.5000821999274,,,,,c,1,0.665363100124523,None,participant 5,001,2025-10-03_16h27.10.982,Motor Sequence,,2025.1.1,60.1795879346554,2025-10-03 16h27.30.683712 +0530,
150,v,9,9,3,v,1,0.5407968999352306,None,,,,,3,9,9,1,257.517441800097,,257.50067700003274,257.517441800097,258.5015301001258,258.5015301001258,258.5015301001258,258.5015301001258,258.5157521001529,259.5155247000512,259.5155247000512,260.0664971000515,,,,,v,1,0.5407968999352306,None,participant 5,001,2025-10-03_16h27.10.982,Motor Sequence,,2025.1.1,60.1795879346554,2025-10-03 16h27.30.683712 +0530,
-150,z,10,10,4,z,1,0.8290147997904569,None,,,,,4,10,10,3,260.0842671999708,,260.06705190008506,260.0842671999708,261.0682570999488,261.0682570999488,261.0682570999488,261.0682570999488,261.08171060006134,262.08233979996294,262.08233979996294,262.91622380004264,,,,,z,1,0.8290147997904569,None,participant 5,001,2025-10-03_16h27.10.982,Motor Sequence,,2025.1.1,60.1795879346554,2025-10-03 16h27.30.683712 +0530,
150,v,11,11,4,v,1,0.6819700000341982,None,,,,,4,11,11,1,262.9342738999985,,262.9167611000594,262.9342738999985,263.9182317000814,263.9182317000814,263.9182317000814,263.9182317000814,263.93253240012564,264.9154139000457,264.9154139000457,265.5999652999453,,,,,v,1,0.6819700000341982,None,participant 5,001,2025-10-03_16h27.10.982,Motor Sequence,,2025.1.1,60.1795879346554,2025-10-03 16h27.30.683712 +0530,
-50,x,12,12,0,x,1,0.7449233999941498,None,,,,,0,12,12,0,265.6176775000058,,265.6004945000168,265.6176775000058,266.6006764001213,266.6006764001213,266.6006764001213,266.6006764001213,266.6151950999629,267.61487799999304,267.61487799999304,268.36610050010495,,,,,x,1,0.7449233999941498,None,participant 5,001,2025-10-03_16h27.10.982,Motor Sequence,,2025.1.1,60.1795879346554,2025-10-03 16h27.30.683712 +0530,
-50,x,13,13,1,x,1,1.0445142998360097,None,,,,,1,13,13,0,268.38442389992997,,268.3665515000466,268.38442389992997,269.36724280007184,269.36724280007184,269.36724280007184,269.36724280007184,269.38217590004206,270.36532069998793,270.36532069998793,271.415802200092,,,,,x,1,1.0445142998360097,None,participant 5,001,2025-10-03_16h27.10.982,Motor Sequence,,2025.1.1,60.1795879346554,2025-10-03 16h27.30.683712 +0530,
-50,x,14,14,2,x,1,0.7199092998635024,None,,,,,2,14,14,0,271.43456820002757,,271.41627399995923,271.43456820002757,272.4175138999708,272.4175138999708,272.4175138999708,272.4175138999708,272.4315863000229,273.4153611001093,273.4153611001093,274.1485311000142,,,,,x,1,0.7199092998635024,None,participant 5,001,2025-10-03_16h27.10.982,Motor Sequence,,2025.1.1,60.1795879346554,2025-10-03 16h27.30.683712 +0530,
50,c,15,15,2,c,1,0.6406658000778407,None,,,,,2,15,15,2,274.1674792000558,,274.14877890003845,274.1674792000558,275.1510912999511,275.1510912999511,275.1510912999511,275.1510912999511,275.16469489992596,276.14867080003023,276.14867080003023,276.79983879998326,,,,,c,1,0.6406658000778407,None,participant 5,001,2025-10-03_16h27.10.982,Motor Sequence,,2025.1.1,60.1795879346554,2025-10-03 16h27.30.683712 +0530,
-150,z,16,16,5,z,1,0.5997938998043537,None,,,,,5,16,16,3,276.8182833001483,,276.800400899956,276.8182833001483,277.80117730004713,277.80117730004713,277.80117730004713,277.80117730004713,277.8154395001475,278.8149165001232,278.8149165001232,279.4176299001556,,,,,z,1,0.5997938998043537,None,participant 5,001,2025-10-03_16h27.10.982,Motor Sequence,,2025.1.1,60.1795879346554,2025-10-03 16h27.30.683712 +0530,
150,v,17,17,5,v,1,0.568605599924922,None,,,,,5,17,17,1,279.4343518000096,,279.41834850003943,279.4343518000096,280.4173876999412,280.4173876999412,280.4173876999412,280.4173876999412,280.43150179996155,281.43206280004233,281.43206280004233,282.015836100094,,,,,v,1,0.568605599924922,None,participant 5,001,2025-10-03_16h27.10.982,Motor Sequence,,2025.1.1,60.1795879346554,2025-10-03 16h27.30.683712 +0530,
150,v,18,18,6,v,1,0.6810740998480469,None,,,,,6,18,18,1,282.0337152001448,,282.01626270008273,282.0337152001448,283.0178191999439,283.0178191999439,283.0178191999439,283.0178191999439,283.03188659995794,284.03122140001506,284.03122140001506,284.7156092999503,,,,,v,1,0.6810740998480469,None,participant 5,001,2025-10-03_16h27.10.982,Motor Sequence,,2025.1.1,60.1795879346554,2025-10-03 16h27.30.683712 +0530,
150,v,19,19,7,v,1,0.6888141999952495,None,,,,,7,19,19,1,284.734481099993,,284.7161427999381,284.734481099993,285.7177166000474,285.7177166000474,285.7177166000474,285.7177166000474,285.7320654001087,286.71557640004903,286.71557640004903,287.41518250014633,,,,,v,1,0.6888141999952495,None,participant 5,001,2025-10-03_16h27.10.982,Motor Sequence,,2025.1.1,60.1795879346554,2025-10-03 16h27.30.683712 +0530,
150,v,20,20,8,v,1,0.5748933998402208,None,,,,,8,20,20,1,287.43427800014615,,287.4156405001413,287.43427800014615,288.41790090012364,288.41790090012364,288.41790090012364,288.41790090012364,288.4314461001195,289.41544110001996,289.41544110001996,289.99817540007643,,,,,v,1,0.5748933998402208,None,participant 5,001,2025-10-03_16h27.10.982,Motor Sequence,,2025.1.1,60.1795879346554,2025-10-03 16h27.30.683712 +0530,
150,v,21,21,9,v,1,0.6475351999979466,None,,,,,9,21,21,1,290.01779510010965,,289.99859780003317,290.01779510010965,291.0012616000604,291.0012616000604,291.0012616000604,291.0012616000604,291.0150576001033,291.9979109999258,291.9979109999258,292.6492649000138,,,,,v,1,0.6475351999979466,None,participant 5,001,2025-10-03_16h27.10.982,Motor Sequence,,2025.1.1,60.1795879346554,2025-10-03 16h27.30.683712 +0530,
150,v,22,22,10,space,0,0.5979212999809533,None,,,,,10,22,22,1,292.66816240013577,,292.6498594000004,292.66816240013577,293.65174730005674,293.65174730005674,293.65174730005674,293.65174730005674,293.66538710007444,294.6485796000343,294.6485796000343,295.24914400000125,,,,,space,0,0.5979212999809533,None,participant 5,001,2025-10-03_16h27.10.982,Motor Sequence,,2025.1.1,60.1795879346554,2025-10-03 16h27.30.683712 +0530,
-150,z,23,23,6,z,1,0.8003223999403417,None,,,,,6,23,23,3,295.2678084000945,,295.2497710001189,295.2678084000945,296.2503838001285,296.2503838001285,296.2503838001285,296.2503838001285,296.2645744001493,297.2484194000717,297.2484194000717,298.0495992000215,,,,,z,1,0.8003223999403417,None,participant 5,001,2025-10-03_16h27.10.982,Motor Sequence,,2025.1.1,60.1795879346554,2025-10-03 16h27.30.683712 +0530,
50,c,24,24,3,c,1,0.656296200118959,None,,,,,3,24,24,2,298.06823510001414,,298.05030900007114,298.06823510001414,299.0506764999591,299.0506764999591,299.0506764999591,299.0506764999591,299.0650413001422,300.06530759995803,300.06530759995803,300.73257390013896,,,,,c,1,0.656296200118959,None,participant 5,001,2025-10-03_16h27.10.982,Motor Sequence,,2025.1.1,60.1795879346554,2025-10-03 16h27.30.683712 +0530,
50,c,25,25,4,c,1,0.5934535001870245,None,,,,,4,25,25,2,300.75089920009486,,300.7337253000587,300.75089920009486,301.733477700036,301.733477700036,301.733477700036,301.733477700036,301.7477371999994,302.7478632000275,302.7478632000275,303.34958539996296,,,,,c,1,0.5934535001870245,None,participant 5,001,2025-10-03_16h27.10.982,Motor Sequence,,2025.1.1,60.1795879346554,2025-10-03 16h27.30.683712 +0530,
150,v,26,26,11,v,1,0.6597166999708861,None,,,,,11,26,26,1,303.3673771000467,,303.35048090014607,303.3673771000467,304.3509220001288,304.3509220001288,304.3509220001288,304.3509220001288,304.3648794000037,305.3648699000478,305.3648699000478,306.03273129998706,,,,,v,1,0.6597166999708861,None,participant 5,001,2025-10-03_16h27.10.982,Motor Sequence,,2025.1.1,60.1795879346554,2025-10-03 16h27.30.683712 +0530,
150,v,27,27,12,v,1,0.617163899820298,None,,,,,12,27,27,1,306.0515012999531,,306.03332390007563,306.0515012999531,307.0345107000321,307.0345107000321,307.0345107000321,307.0345107000321,307.04841300006956,308.0484704999253,308.0484704999253,308.68140559992753,,,,,v,1,0.617163899820298,None,participant 5,001,2025-10-03_16h27.10.982,Motor Sequence,,2025.1.1,60.1795879346554,2025-10-03 16h27.30.683712 +0530,
-50,x,28,28,3,x,1,0.617233500117436,None,,,,,3,28,28,0,308.70058159995824,,308.6818140000105,308.70058159995824,309.6838237999473,309.6838237999473,309.6838237999473,309.6838237999473,309.6980985000264,310.6807935999241,310.6807935999241,311.31454950012267,,,,,x,1,0.617233500117436,None,participant 5,001,2025-10-03_16h27.10.982,Motor Sequence,,2025.1.1,60.1795879346554,2025-10-03 16h27.30.683712 +0530,
-150,z,29,29,7,z,1,0.6411307000089437,None,,,,,7,29,29,3,311.3335009999573,,311.3148382001091,311.3335009999573,312.3170495000668,312.3170495000668,312.3170495000668,312.3170495000668,312.3313583000563,313.3147209000308,313.3147209000308,313.9649801000487,,,,,z,1,0.6411307000089437,None,participant 5,001,2025-10-03_16h27.10.982,Motor Sequence,,2025.1.1,60.1795879346554,2025-10-03 16h27.30.683712 +0530,
-150,z,30,30,8,z,1,0.548986200010404,None,,,,,8,30,30,3,313.9835568999406,,313.9653278000187,313.9835568999406,314.9671211000532,314.9671211000532,314.9671211000532,314.9671211000532,314.98082099994645,315.96478129993193,315.96478129993193,316.5160326999612,,,,,z,1,0.548986200010404,None,participant 5,001,2025-10-03_16h27.10.982,Motor Sequence,,2025.1.1,60.1795879346554,2025-10-03 16h27.30.683712 +0530,
150,v,31,31,13,v,1,0.7799641001038253,None,,,,,13,31,31,1,316.5343768999446,,316.51657360000536,316.5343768999446,317.5171978001017,317.5171978001017,317.5171978001017,317.5171978001017,317.53137800004333,318.53153220005333,318.53153220005333,319.31698070000857,,,,,v,1,0.7799641001038253,None,participant 5,001,2025-10-03_16h27.10.982,Motor Sequence,,2025.1.1,60.1795879346554,2025-10-03 16h27.30.683712 +0530,
-150,z,32,32,9,z,1,1.036256599938497,None,,,,,9,32,32,3,319.33485800004564,,319.31786169996485,319.33485800004564,320.3169176001102,320.3169176001102,320.3169176001102,320.3169176001102,320.34776529995725,321.33066330011934,321.33066330011934,322.3819166000467,,,,,z,1,1.036256599938497,None,participant 5,001,2025-10-03_16h27.10.982,Motor Sequence,,2025.1.1,60.1795879346554,2025-10-03 16h27.30.683712 +0530,
50,c,33,33,5,c,1,0.4147902000695467,None,,,,,5,33,33,2,322.40020620008,,322.3824869999662,322.40020620008,323.38355899997987,323.38355899997987,323.38355899997987,323.38355899997987,323.3980201999657,324.3810161999427,324.3810161999427,324.7986654001288,,,,,c,1,0.4147902000695467,None,participant 5,001,2025-10-03_16h27.10.982,Motor Sequence,,2025.1.1,60.1795879346554,2025-10-03 16h27.30.683712 +0530,
-150,z,34,34,10,z,1,0.5378395998850465,None,,,,,10,34,34,3,324.8177970999386,,324.7992126001045,324.8177970999386,325.80034620012157,325.80034620012157,325.80034620012157,325.80034620012157,325.814027100103,326.79775530006737,326.79775530006737,327.3478936001193,,,,,z,1,0.5378395998850465,None,participant 5,001,2025-10-03_16h27.10.982,Motor Sequence,,2025.1.1,60.1795879346554,2025-10-03 16h27.30.683712 +0530,
50,c,35,35,6,c,1,0.3711975000333041,None,,,,,6,35,35,2,327.366536000045,,327.3482363000512,327.366536000045,328.3498730000574,328.3498730000574,328.3498730000574,328.3498730000574,328.3645866001025,329.34736969997175,329.34736969997175,329.7310530000832,,,,,c,1,0.3711975000333041,None,participant 5,001,2025-10-03_16h27.10.982,Motor Sequence,,2025.1.1,60.1795879346554,2025-10-03 16h27.30.683712 +0530,
150,v,36,36,14,v,1,0.44846499990671873,None,,,,,14,36,36,1,329.7495128000155,,329.7314339999575,329.7495128000155,330.73367680003867,330.73367680003867,330.73367680003867,330.73367680003867,330.74838669993915,331.7311881999485,331.7311881999485,332.1818379999604,,,,,v,1,0.44846499990671873,None,participant 5,001,2025-10-03_16h27.10.982,Motor Sequence,,2025.1.1,60.1795879346554,2025-10-03 16h27.30.683712 +0530,
-50,x,37,37,4,x,1,0.4910695001017302,None,,,,,4,37,37,0,332.1997996000573,,332.18232559994794,332.1997996000573,333.1838239999488,333.1838239999488,333.1838239999488,333.1838239999488,333.1980250000488,334.1810409000609,334.1810409000609,334.682281000074,,,,,x,1,0.4910695001017302,None,participant 5,001,2025-10-03_16h27.10.982,Motor Sequence,,2025.1.1,60.1795879346554,2025-10-03 16h27.30.683712 +0530,
50,c,38,38,7,c,1,0.3000258000101894,None,,,,,7,38,38,2,334.70024519995786,,334.68277289997786,334.70024519995786,335.68373699998483,335.68373699998483,335.68373699998483,335.68373699998483,335.697910600109,336.6973870000802,336.6973870000802,336.99882990005426,,,,,c,1,0.3000258000101894,None,participant 5,001,2025-10-03_16h27.10.982,Motor Sequence,,2025.1.1,60.1795879346554,2025-10-03 16h27.30.683712 +0530,
150,v,39,39,15,c,0,0.31459930003620684,None,,,,,15,39,39,1,337.0169162999373,,336.99933989997953,337.0169162999373,338.00133570004255,338.00133570004255,338.00133570004255,338.00133570004255,338.0148424000945,339.0146473001223,339.0146473001223,339.3313839000184,,,,,c,0,0.31459930003620684,None,participant 5,001,2025-10-03_16h27.10.982,Motor Sequence,,2025.1.1,60.1795879346554,2025-10-03 16h27.30.683712 +0530,
-50,x,40,40,5,x,1,0.9929865999147296,None,,,,,5,40,40,0,339.3493468000088,,339.3320859000087,339.3493468000088,340.3326985000167,340.3326985000167,340.3326985000167,340.3326985000167,340.3472591000609,341.34776740008965,341.34776740008965,342.34888479998335,,,,,x,1,0.9929865999147296,None,participant 5,001,2025-10-03_16h27.10.982,Motor Sequence,,2025.1.1,60.1795879346554,2025-10-03 16h27.30.683712 +0530,
-50,x,41,41,6,x,1,0.3586562001146376,None,,,,,6,41,41,0,342.3670026999898,,342.3494287999347,342.3670026999898,343.3503706001211,343.3503706001211,343.3503706001211,343.3503706001211,343.3643807999324,344.36477839993313,344.36477839993313,344.73165359999985,,,,,x,1,0.3586562001146376,None,participant 5,001,2025-10-03_16h27.10.982,Motor Sequence,,2025.1.1,60.1795879346554,2025-10-03 16h27.30.683712 +0530,
50,c,42,42,8,c,1,0.9396740000229329,None,,,,,8,42,42,2,344.7494930999819,,344.7322750000749,344.7494930999819,345.7334634999279,345.7334634999279,345.7334634999279,345.7334634999279,345.74772000010125,346.7474716999568,346.7474716999568,347.6978840001393,,,,,c,1,0.9396740000229329,None,participant 5,001,2025-10-03_16h27.10.982,Motor Sequence,,2025.1.1,60.1795879346554,2025-10-03 16h27.30.683712 +0530,
-150,z,43,43,11,z,1,0.7068888999056071,None,,,,,11,43,43,3,347.7164885001257,,347.6984421000816,347.7164885001257,348.6994283001404,348.6994283001404,348.6994283001404,348.6994283001404,348.7142277001403,349.6976288999431,349.6976288999431,350.4151254000608,,,,,z,1,0.7068888999056071,None,participant 5,001,2025-10-03_16h27.10.982,Motor Sequence,,2025.1.1,60.1795879346554,2025-10-03 16h27.30.683712 +0530,
-150,z,44,44,12,z,1,0.8101673000492156,None,,,,,12,44,44,3,350.43333199992776,,350.4160170000978,350.43333199992776,351.4160466999747,351.4160466999747,351.4160466999747,351.4160466999747,351.43014970002696,352.43061639997177,352.43061639997177,353.2483131000772,,,,,z,1,0.8101673000492156,None,participant 5,001,2025-10-03_16h27.10.982,Motor Sequence,,2025.1.1,60.1795879346554,2025-10-03 16h27.30.683712 +0530,
-150,z,45,45,13,z,1,0.4823241999838501,None,,,,,13,45,45,3,353.26613280014135,,353.2487656001467,353.26613280014135,354.24994070013054,354.24994070013054,354.24994070013054,354.24994070013054,354.2643820999656,355.24765989999287,355.24765989999287,355.7316509000957,,,,,z,1,0.4823241999838501,None,participant 5,001,2025-10-03_16h27.10.982,Motor Sequence,,2025.1.1,60.1795879346554,2025-10-03 16h27.30.683712 +0530,
50,c,46,46,9,c,1,0.7894894001074135,None,,,,,9,46,46,2,355.75015279999934,,355.732511700131,355.75015279999934,356.7332343000453,356.7332343000453,356.7332343000453,356.7332343000453,356.74735209997743,357.74743050010875,357.74743050010875,358.5479617000092,,,,,c,1,0.7894894001074135,None,participant 5,001,2025-10-03_16h27.10.982,Motor Sequence,,2025.1.1,60.1795879346554,2025-10-03 16h27.30.683712 +0530,
150,v,47,47,16,v,1,0.49342270009219646,None,,,,,16,47,47,1,358.56626800005324,,358.5484247999266,358.56626800005324,359.549580299994,359.549580299994,359.549580299994,359.549580299994,359.5635188999586,360.56329880002886,360.56329880002886,361.064446200151,,,,,v,1,0.49342270009219646,None,participant 5,001,2025-10-03_16h27.10.982,Motor Sequence,,2025.1.1,60.1795879346554,2025-10-03 16h27.30.683712 +0530,
150,v,48,48,17,v,1,0.4518442000262439,None,,,,,17,48,48,1,361.08239590004086,,361.0648964000866,361.08239590004086,362.06639420008287,362.06639420008287,362.06639420008287,362.06639420008287,362.0800222000107,363.06425200006925,363.06425200006925,363.53034000005573,,,,,v,1,0.4518442000262439,None,participant 5,001,2025-10-03_16h27.10.982,Motor Sequence,,2025.1.1,60.1795879346554,2025-10-03 16h27.30.683712 +0530,
50,c,49,49,10,c,1,0.6724128001369536,None,,,,,10,49,49,2,363.54923110012896,,363.5306001000572,363.54923110012896,364.53347490006126,364.53347490006126,364.53347490006126,364.53347490006126,364.5474978000857,365.53000169992447,365.53000169992447,366.21403070003726,,,,,c,1,0.6724128001369536,None,participant 5,001,2025-10-03_16h27.10.982,Motor Sequence,,2025.1.1,60.1795879346554,2025-10-03 16h27.30.683712 +0530,
50,c,50,50,11,c,1,0.620396199868992,None,,,,,11,50,50,2,366.23307529999875,,366.214476400055,366.23307529999875,367.2156579999719,367.2156579999719,367.2156579999719,367.2156579999719,367.2302431999706,368.21373760001734,368.21373760001734,368.84872830007225,,,,,c,1,0.620396199868992,None,participant 5,001,2025-10-03_16h27.10.982,Motor Sequence,,2025.1.1,60.1795879346554,2025-10-03 16h27.30.683712 +0530,
-150,z,51,51,14,z,1,0.778229400049895,None,,,,,14,51,51,3,368.86656800005585,,368.84952960000373,368.86656800005585,369.84890660014935,369.84890660014935,369.84890660014935,369.84890660014935,369.86321360012516,370.8638424000237,370.8638424000237,371.64821689995006,,,,,z,1,0.778229400049895,None,participant 5,001,2025-10-03_16h27.10.982,Motor Sequence,,2025.1.1,60.1795879346554,2025-10-03 16h27.30.683712 +0530,
-50,x,52,52,7,x,1,0.8296449000481516,None,,,,,7,52,52,0,371.66697479994036,,371.64896650006995,371.66697479994036,372.64965749997646,372.64965749997646,372.64965749997646,372.64965749997646,372.6639030999504,373.6638539999258,373.6638539999258,374.4970603999682,,,,,x,1,0.8296449000481516,None,participant 5,001,2025-10-03_16h27.10.982,Motor Sequence,,2025.1.1,60.1795879346554,2025-10-03 16h27.30.683712 +0530,
-150,z,53,53,15,z,1,0.7864779999945313,None,,,,,15,53,53,3,374.51564480015077,,374.49757250002585,374.51564480015077,375.49978279997595,375.49978279997595,375.49978279997595,375.49978279997595,375.51360139995813,376.497284400044,376.497284400044,377.296787600033,,,,,z,1,0.7864779999945313,None,participant 5,001,2025-10-03_16h27.10.982,Motor Sequence,,2025.1.1,60.1795879346554,2025-10-03 16h27.30.683712 +0530,
-150,z,54,54,16,z,1,0.5304046000819653,None,,,,,16,54,54,3,377.31560100009665,,377.2971042001154,377.31560100009665,378.29889909992926,378.29889909992926,378.29889909992926,378.29889909992926,378.3131445001345,379.29708619997837,379.29708619997837,379.83176800003275,,,,,z,1,0.5304046000819653,None,participant 5,001,2025-10-03_16h27.10.982,Motor Sequence,,2025.1.1,60.1795879346554,2025-10-03 16h27.30.683712 +0530,
150,v,55,55,18,v,1,0.6825081000570208,None,,,,,18,55,55,1,379.8491328000091,,379.83255219995044,379.8491328000091,380.8327146000229,380.8327146000229,380.8327146000229,380.8327146000229,380.8470352999866,381.8469972999301,381.8469972999301,382.5302757001482,,,,,v,1,0.6825081000570208,None,participant 5,001,2025-10-03_16h27.10.982,Motor Sequence,,2025.1.1,60.1795879346554,2025-10-03 16h27.30.683712 +0530,
50,c,56,56,12,c,1,0.4393176001030952,None,,,,,12,56,56,2,382.5486616000999,,382.53077409998514,382.5486616000999,383.5326469000429,383.5326469000429,383.5326469000429,383.5326469000429,383.5466390000656,384.53019740013406,384.53019740013406,384.98101660003886,,,,,c,1,0.4393176001030952,None,participant 5,001,2025-10-03_16h27.10.982,Motor Sequence,,2025.1.1,60.1795879346554,2025-10-03 16h27.30.683712 +0530,
50,c,57,57,13,c,1,0.6494179000146687,None,,,,,13,57,57,2,384.99898619996384,,384.98147380002774,384.99898619996384,385.98283699993044,385.98283699993044,385.98283699993044,385.98283699993044,385.99728040001355,386.979724700097,386.979724700097,387.6312798000872,,,,,c,1,0.6494179000146687,None,participant 5,001,2025-10-03_16h27.10.982,Motor Sequence,,2025.1.1,60.1795879346554,2025-10-03 16h27.30.683712 +0530,
-50,x,58,58,8,x,1,0.5562746000941843,None,,,,,8,58,58,0,387.6492900000885,,387.6318866999354,387.6492900000885,388.6322294001002,388.6322294001002,388.6322294001002,388.6322294001002,388.6469596000388,389.6469672000967,389.6469672000967,390.213803099934,,,,,x,1,0.5562746000941843,None,participant 5,001,2025-10-03_16h27.10.982,Motor Sequence,,2025.1.1,60.1795879346554,2025-10-03 16h27.30.683712 +0530,
-50,x,59,59,9,x,1,0.5535786999389529,None,,,,,9,59,59,0,390.23267289996147,,390.21435409993865,390.23267289996147,391.21534950006753,391.21534950006753,391.21534950006753,391.21534950006753,391.2295335000381,392.230097200023,392.230097200023,392.7979330001399,,,,,x,1,0.5535786999389529,None,participant 5,001,2025-10-03_16h27.10.982,Motor Sequence,,2025.1.1,60.1795879346554,2025-10-03 16h27.30.683712 +0530,
-50,x,60,60,10,x,1,0.45849279989488423,None,,,,,10,60,60,0,392.81530290003866,,392.7984790999908,392.81530290003866,393.7988483000081,393.7988483000081,393.7988483000081,393.7988483000081,393.81291149999015,394.81271199998446,394.81271199998446,395.28025349997915,,,,,x,1,0.45849279989488423,None,participant 5,001,2025-10-03_16h27.10.982,Motor Sequence,,2025.1.1,60.1795879346554,2025-10-03 16h27.30.683712 +0530,
-50,x,61,61,11,x,1,0.5163376999553293,None,,,,,11,61,61,0,395.29860630002804,,395.28069539996795,395.29860630002804,396.28184600011446,396.28184600011446,396.28184600011446,396.28184600011446,396.2962509000208,397.2794719999656,397.2794719999656,397.7975624999963,,,,,x,1,0.5163376999553293,None,participant 5,001,2025-10-03_16h27.10.982,Motor Sequence,,2025.1.1,60.1795879346554,2025-10-03 16h27.30.683712 +0530,
50,c,62,62,14,c,1,0.5357974001672119,None,,,,,14,62,62,2,397.81585630006157,,397.7980851000175,397.81585630006157,398.79881349997595,398.79881349997595,398.79881349997595,398.79881349997595,398.81283630011603,399.8133300000336,399.8133300000336,400.36396110011265,,,,,c,1,0.5357974001672119,None,participant 5,001,2025-10-03_16h27.10.982,Motor Sequence,,2025.1.1,60.1795879346554,2025-10-03 16h27.30.683712 +0530,
-50,x,63,63,12,x,1,0.5062928998377174,None,,,,,12,63,63,0,400.38271789997816,,400.3644094001502,400.38271789997816,401.3658040999435,401.3658040999435,401.3658040999435,401.3658040999435,401.37996640009806,402.36348220007494,402.36348220007494,402.88078649993986,,,,,x,1,0.5062928998377174,None,participant 5,001,2025-10-03_16h27.10.982,Motor Sequence,,2025.1.1,60.1795879346554,2025-10-03 16h27.30.683712 +0530,
-50,x,64,64,13,x,1,0.8885178999044001,None,,,,,13,64,64,0,402.89857350010425,,402.8813474001363,402.89857350010425,403.88256970001385,403.88256970001385,403.88256970001385,403.88256970001385,403.8969289001543,404.8797488999553,404.8797488999553,405.78139319992624,,,,,x,1,0.8885178999044001,None,participant 5,001,2025-10-03_16h27.10.982,Motor Sequence,,2025.1.1,60.1795879346554,2025-10-03 16h27.30.683712 +0530,
50,c,65,65,15,c,1,0.6712027001194656,None,,,,,15,65,65,2,405.79897990007885,,405.78195259999484,405.79897990007885,406.78220200003125,406.78220200003125,406.78220200003125,406.78220200003125,406.79637370002456,407.796152099967,407.796152099967,408.48029950005,,,,,c,1,0.6712027001194656,None,participant 5,001,2025-10-03_16h27.10.982,Motor Sequence,,2025.1.1,60.1795879346554,2025-10-03 16h27.30.683712 +0530,
-50,x,66,66,14,x,1,0.5354239998850971,None,,,,,14,66,66,0,408.49897429998964,,408.48078460013494,408.49897429998964,409.4823662000708,409.4823662000708,409.4823662000708,409.4823662000708,409.49690110003576,410.4794461999554,410.4794461999554,411.03066410007887,,,,,x,1,0.5354239998850971,None,participant 5,001,2025-10-03_16h27.10.982,Motor Sequence,,2025.1.1,60.1795879346554,2025-10-03 16h27.30.683712 +0530,
-150,z,67,67,17,z,1,0.7723267998080701,None,,,,,17,67,67,3,411.04923010012135,,411.0319326000754,411.04923010012135,412.0315813999623,412.0315813999623,412.0315813999623,412.0315813999623,412.0461007999256,413.03002070006914,413.03002070006914,413.8139396000188,,,,,z,1,0.7723267998080701,None,participant 5,001,2025-10-03_16h27.10.982,Motor Sequence,,2025.1.1,60.1795879346554,2025-10-03 16h27.30.683712 +0530,
-150,z,68,68,18,z,1,0.4618987999856472,None,,,,,18,68,68,3,413.8319113999605,,413.8144441000186,413.8319113999605,414.81553569994867,414.81553569994867,414.81553569994867,414.81553569994867,414.82986590010114,415.8129110999871,415.8129110999871,416.27978680003434,,,,,z,1,0.4618987999856472,None,participant 5,001,2025-10-03_16h27.10.982,Motor Sequence,,2025.1.1,60.1795879346554,2025-10-03 16h27.30.683712 +0530,
50,c,69,69,16,c,1,0.6209146999754012,None,,,,,16,69,69,2,416.2986806000117,,416.2802675999701,416.2986806000117,417.28218780015595,417.28218780015595,417.28218780015595,417.28218780015595,417.29667489998974,418.2798057999462,418.2798057999462,418.9132904999424,,,,,c,1,0.6209146999754012,None,participant 5,001,2025-10-03_16h27.10.982,Motor Sequence,,2025.1.1,60.1795879346554,2025-10-03 16h27.30.683712 +0530,
150,v,70,70,19,v,1,0.6041336001362652,None,,,,,19,70,70,1,418.9316092999652,,418.9137492000591,418.9316092999652,419.91487889993005,419.91487889993005,419.91487889993005,419.91487889993005,419.92965040006675,420.9128978000954,420.9128978000954,421.5304715000093,,,,,v,1,0.6041336001362652,None,participant 5,001,2025-10-03_16h27.10.982,Motor Sequence,,2025.1.1,60.1795879346554,2025-10-03 16h27.30.683712 +0530,
-150,z,71,71,19,z,1,0.6068392999004573,None,,,,,19,71,71,3,421.54840730014257,,421.53112030006014,421.54840730014257,422.53149730013683,422.53149730013683,422.53149730013683,422.53149730013683,422.54578980011865,423.5296922000125,423.5296922000125,424.14639859995805,,,,,z,1,0.6068392999004573,None,participant 5,001,2025-10-03_16h27.10.982,Motor Sequence,,2025.1.1,60.1795879346554,2025-10-03 16h27.30.683712 +0530,
-50,x,72,72,15,x,1,0.4504331999924034,None,,,,,15,72,72,0,424.16471470007673,,424.1469247001223,424.16471470007673,425.1486051999964,425.1486051999964,425.1486051999964,425.1486051999964,425.1624380000867,426.14573430013843,426.14573430013843,426.5971463001333,,,,,x,1,0.4504331999924034,None,participant 5,001,2025-10-03_16h27.10.982,Motor Sequence,,2025.1.1,60.1795879346554,2025-10-03 16h27.30.683712 +0530,
-50,x,73,73,16,x,1,0.44032930000685155,None,,,,,16,73,73,0,426.6155082001351,,426.59767449996434,426.6155082001351,427.59849949995987,427.59849949995987,427.59849949995987,427.59849949995987,427.61232460010797,428.61283680005,428.61283680005,429.0634320001118,,,,,x,1,0.44032930000685155,None,participant 5,001,2025-10-03_16h27.10.982,Motor Sequence,,2025.1.1,60.1795879346554,2025-10-03 16h27.30.683712 +0530,
-50,x,74,74,17,x,1,0.4507460999302566,None,,,,,17,74,74,0,429.0815839001443,,429.06398580013774,429.0815839001443,430.0653814000543,430.0653814000543,430.0653814000543,430.0653814000543,430.0795812001452,431.0634002001025,431.0634002001025,431.53023299993947,,,,,x,1,0.4507460999302566,None,participant 5,001,2025-10-03_16h27.10.982,Motor Sequence,,2025.1.1,60.1795879346554,2025-10-03 16h27.30.683712 +0530,
-150,z,75,75,20,z,1,0.964648799970746,None,,,,,20,75,75,3,431.5481753000058,,431.5307567999698,431.5481753000058,432.5319616999477,432.5319616999477,432.5319616999477,432.5319616999477,432.5463707000017,433.52954130014405,433.52954130014405,434.49691789993085,,,,,z,1,0.964648799970746,None,participant 5,001,2025-10-03_16h27.10.982,Motor Sequence,,2025.1.1,60.1795879346554,2025-10-03 16h27.30.683712 +0530,
-50,x,76,76,18,x,1,0.4382199998944998,None,,,,,18,76,76,0,434.5161999000702,,434.4976335000247,434.5161999000702,435.4984997001011,435.4984997001011,435.4984997001011,435.4984997001011,435.52944339998066,436.4961008001119,436.4961008001119,436.94662129995413,,,,,x,1,0.4382199998944998,None,participant 5,001,2025-10-03_16h27.10.982,Motor Sequence,,2025.1.1,60.1795879346554,2025-10-03 16h27.30.683712 +0530,
50,c,77,77,17,c,1,0.7659233999438584,None,,,,,17,77,77,2,436.9647409999743,,436.9471172001213,436.9647409999743,437.9486483000219,437.9486483000219,437.9486483000219,437.9486483000219,437.96286570001394,438.96272750012577,438.96272750012577,439.73030739999376,,,,,c,1,0.7659233999438584,None,participant 5,001,2025-10-03_16h27.10.982,Motor Sequence,,2025.1.1,60.1795879346554,2025-10-03 16h27.30.683712 +0530,
-50,x,78,78,19,x,1,0.8665642999112606,None,,,,,19,78,78,0,439.74844030011445,,439.7308887001127,439.74844030011445,440.73152270005085,440.73152270005085,440.73152270005085,440.73152270005085,440.7459136999678,441.74561470001936,441.74561470001936,442.61351560009643,,,,,x,1,0.8665642999112606,None,participant 5,001,2025-10-03_16h27.10.982,Motor Sequence,,2025.1.1,60.1795879346554,2025-10-03 16h27.30.683712 +0530,
50,c,79,79,18,c,1,0.7021131000947207,None,,,,,18,79,79,2,442.6319963999558,,442.61407130002044,442.6319963999558,443.6145783001557,443.6145783001557,443.6145783001557,443.6145783001557,443.62878120015375,444.6127333000768,444.6127333000768,445.3298637000844,,,,,c,1,0.7021131000947207,None,participant 5,001,2025-10-03_16h27.10.982,Motor Sequence,,2025.1.1,60.1795879346554,2025-10-03 16h27.30.683712 +0530,
50,c,80,80,19,c,1,0.8885939999017864,None,,,,,19,80,80,2,445.3484289001208,,445.3303452001419,445.3484289001208,446.3316258001141,446.3316258001141,446.3316258001141,446.3316258001141,446.3459083000198,447.32902990002185,447.32902990002185,448.2297948000487,,,,,c,1,0.8885939999017864,None,participant 5,001,2025-10-03_16h27.10.982,Motor Sequence,,2025.1.1,60.1795879346554,2025-10-03 16h27.30.683712 +0530,
150,v,81,81,20,v,1,1.4040207001380622,None,,,,,20,81,81,1,448.247864899924,,448.2303945000749,448.247864899924,449.23160240007564,449.23160240007564,449.23160240007564,449.23160240007564,449.245899700094,450.22931860014796,450.22931860014796,451.6461285999976,,,,,v,1,1.4040207001380622,None,participant 5,001,2025-10-03_16h27.10.982,Motor Sequence,,2025.1.1,60.1795879346554,2025-10-03 16h27.30.683712 +0530,
150,v,82,82,21,v,1,1.2028840999118984,None,,,,,21,82,82,1,451.66486730007455,,451.64662729995325,451.66486730007455,452.647828000132,452.647828000132,452.647828000132,452.647828000132,452.66252909996547,453.64590400015004,453.64590400015004,454.8631758999545,,,,,v,1,1.2028840999118984,None,participant 5,001,2025-10-03_16h27.10.982,Motor Sequence,,2025.1.1,60.1795879346554,2025-10-03 16h27.30.683712 +0530,
150,v,83,83,22,v,1,0.5233100999612361,None,,,,,22,83,83,1,454.88234669994563,,454.86394289997406,454.88234669994563,455.86481900000945,455.86481900000945,455.86481900000945,455.86481900000945,455.8793649999425,456.87909059994854,456.87909059994854,457.4135116999969,,,,,v,1,0.5233100999612361,None,participant 5,001,2025-10-03_16h27.10.982,Motor Sequence,,2025.1.1,60.1795879346554,2025-10-03 16h27.30.683712 +0530,
-50,x,84,84,20,x,1,0.7857645000331104,None,,,,,20,84,84,0,457.4314234999474,,457.4141669999808,457.4314234999474,458.41436980012804,458.41436980012804,458.41436980012804,458.41436980012804,458.42868610005826,459.42834120010957,459.42834120010957,460.23066859995015,,,,,x,1,0.7857645000331104,None,participant 5,001,2025-10-03_16h27.10.982,Motor Sequence,,2025.1.1,60.1795879346554,2025-10-03 16h27.30.683712 +0530,
50,c,85,85,20,c,1,1.353572400053963,None,,,,,20,85,85,2,460.2483672001399,,460.23122130008414,460.2483672001399,461.2315366000403,461.2315366000403,461.2315366000403,461.2315366000403,461.24588180007413,462.2454301000107,462.2454301000107,463.6133099999279,,,,,c,1,1.353572400053963,None,participant 5,001,2025-10-03_16h27.10.982,Motor Sequence,,2025.1.1,60.1795879346554,2025-10-03 16h27.30.683712 +0530,
50,c,86,86,21,c,1,0.4344878001138568,None,,,,,21,86,86,2,463.6315496999305,,463.61377890012227,463.6315496999305,464.61445940006524,464.61445940006524,464.61445940006524,464.61445940006524,464.62895400007255,465.6289886001032,465.6289886001032,466.07968680001795,,,,,c,1,0.4344878001138568,None,participant 5,001,2025-10-03_16h27.10.982,Motor Sequence,,2025.1.1,60.1795879346554,2025-10-03 16h27.30.683712 +0530,
150,v,87,87,23,v,1,1.0153636999893934,None,,,,,23,87,87,1,466.09740490000695,,466.0801602001302,466.09740490000695,467.08081359998323,467.08081359998323,467.08081359998323,467.08081359998323,467.0950046000071,468.079006700078,468.079006700078,469.09640990011394,,,,,v,1,1.0153636999893934,None,participant 5,001,2025-10-03_16h27.10.982,Motor Sequence,,2025.1.1,60.1795879346554,2025-10-03 16h27.30.683712 +0530,
-50,x,88,88,21,x,1,0.6181745000649244,None,,,,,21,88,88,0,469.1149816000834,,469.0968933000695,469.1149816000834,470.09819349995814,470.09819349995814,470.09819349995814,470.09819349995814,470.11235980014317,471.1122413999401,471.1122413999401,471.74584889994003,,,,,x,1,0.6181745000649244,None,participant 5,001,2025-10-03_16h27.10.982,Motor Sequence,,2025.1.1,60.1795879346554,2025-10-03 16h27.30.683712 +0530,
-50,x,89,89,22,x,1,0.4963338999077678,None,,,,,22,89,89,0,471.76472320011817,,471.74628120008856,471.76472320011817,472.74798390013166,472.74798390013166,472.74798390013166,472.74798390013166,472.7624015000183,473.76212690002285,473.76212690002285,474.26299359998666,,,,,x,1,0.4963338999077678,None,participant 5,001,2025-10-03_16h27.10.982,Motor Sequence,,2025.1.1,60.1795879346554,2025-10-03 16h27.30.683712 +0530,
-50,x,90,90,23,x,1,0.6057299999520183,None,,,,,23,90,90,0,474.2811026000418,,474.2635095999576,474.2811026000418,475.26415920001455,475.26415920001455,475.26415920001455,475.26415920001455,475.27836850006133,476.27870690007694,476.27870690007694,476.8962034001015,,,,,x,1,0.6057299999520183,None,participant 5,001,2025-10-03_16h27.10.982,Motor Sequence,,2025.1.1,60.1795879346554,2025-10-03 16h27.30.683712 +0530,
50,c,91,91,22,c,1,0.3868291999679059,None,,,,,22,91,91,2,476.9141210000962,,476.89692560001276,476.9141210000962,477.89821720006876,477.89821720006876,477.89821720006876,477.89821720006876,477.91186290001497,478.9123052000068,478.9123052000068,479.31197719997726,,,,,c,1,0.3868291999679059,None,participant 5,001,2025-10-03_16h27.10.982,Motor Sequence,,2025.1.1,60.1795879346554,2025-10-03 16h27.30.683712 +0530,
-50,x,92,92,24,x,1,0.4559782000724226,None,,,,,24,92,92,0,479.3306921001058,,479.3124081999995,479.3306921001058,480.31433010008186,480.31433010008186,480.31433010008186,480.31433010008186,480.3283033000771,481.3120486999396,481.3120486999396,481.77935940003954,,,,,x,1,0.4559782000724226,None,participant 5,001,2025-10-03_16h27.10.982,Motor Sequence,,2025.1.1,60.1795879346554,2025-10-03 16h27.30.683712 +0530,
-150,z,93,93,21,z,1,0.46530750021338463,None,,,,,21,93,93,3,481.7974103000015,,481.7798500000499,481.7974103000015,482.781154199969,482.781154199969,482.781154199969,482.781154199969,482.7953266999684,483.77877929992974,483.77877929992974,484.2461372001562,,,,,z,1,0.46530750021338463,None,participant 5,001,2025-10-03_16h27.10.982,Motor Sequence,,2025.1.1,60.1795879346554,2025-10-03 16h27.30.683712 +0530,
-150,z,94,94,22,z,1,0.4458562999498099,None,,,,,22,94,94,3,484.26396050001495,,484.24666379997507,484.26396050001495,485.24706119997427,485.24706119997427,485.24706119997427,485.24706119997427,485.26188879995607,486.2453739999328,486.2453739999328,486.6964775000233,,,,,z,1,0.4458562999498099,None,participant 5,001,2025-10-03_16h27.10.982,Motor Sequence,,2025.1.1,60.1795879346554,2025-10-03 16h27.30.683712 +0530,
-150,z,95,95,23,z,1,0.4746455999556929,None,,,,,23,95,95,3,486.7143649000209,,486.69703290006146,486.7143649000209,487.697665899992,487.697665899992,487.697665899992,487.697665899992,487.71194380009547,488.7119303001091,488.7119303001091,489.19600909994915,,,,,z,1,0.4746455999556929,None,participant 5,001,2025-10-03_16h27.10.982,Motor Sequence,,2025.1.1,60.1795879346554,2025-10-03 16h27.30.683712 +0530,
-150,z,96,96,24,z,1,0.4107670998200774,None,,,,,24,96,96,3,489.2141869000625,,489.1966067000758,489.2141869000625,490.1972374001052,490.1972374001052,490.1972374001052,490.1972374001052,490.211453899974,491.1953772001434,491.1953772001434,491.61288630007766,,,,,z,1,0.4107670998200774,None,participant 5,001,2025-10-03_16h27.10.982,Motor Sequence,,2025.1.1,60.1795879346554,2025-10-03 16h27.30.683712 +0530,
50,c,97,97,23,c,1,0.5197843001224101,None,,,,,23,97,97,2,491.6309279999696,,491.6135669001378,491.6309279999696,492.6144491999876,492.6144491999876,492.6144491999876,492.6144491999876,492.6286929999478,493.62865490000695,493.62865490000695,494.1618973999284,,,,,c,1,0.5197843001224101,None,participant 5,001,2025-10-03_16h27.10.982,Motor Sequence,,2025.1.1,60.1795879346554,2025-10-03 16h27.30.683712 +0530,
150,v,98,98,24,v,1,0.39391430001705885,None,,,,,24,98,98,1,494.18090340006165,,494.16232190001756,494.18090340006165,495.1642794001382,495.1642794001382,495.1642794001382,495.1642794001382,495.1785244999919,496.1618093000725,496.1618093000725,496.56241010013036,,,,,v,1,0.39391430001705885,None,participant 5,001,2025-10-03_16h27.10.982,Motor Sequence,,2025.1.1,60.1795879346554,2025-10-03 16h27.30.683712 +0530,
50,c,99,99,24,c,1,0.39010570012032986,None,,,,,24,99,99,2,496.58083859994076,,496.562879800098,496.58083859994076,497.56438220012933,497.56438220012933,497.56438220012933,497.56438220012933,497.5785044999793,498.5617079001386,498.5617079001386,498.96300039999187,,,,,c,1,0.39010570012032986,None,participant 5,001,2025-10-03_16h27.10.982,Motor Sequence,,2025.1.1,60.1795879346554,2025-10-03 16h27.30.683712 +0530,
