thisN,thisTrialN,thisRepN,key_resp.keys,key_resp.corr,key_resp.rt,key_resp.duration,tilt,trials.thisRepN,trials.thisTrialN,trials.thisN,trials.thisIndex,thisRow.t,notes,trial.started,fixation.started,fixation.stopped,key_resp.started,trial.stopped,trials.key_resp.keys,trials.key_resp.corr,trials.key_resp.rt,trials.key_resp.duration,trials.tilt,participant,session,date,expName,expVersion,psychopyVersion,frameRate,expStart,
0,0,0,down,1,1.7411442000302486,None,-3,0,0,0,0,0.011504499998409301,,0.008388599962927401,0.011504499998409301,1.0139686999609694,1.0139686999609694,2.8646977999596857,down,1,1.7411442000302486,None,-3,participant 1,001,2025-09-07_15h15.20.473,Signal Detection Orientation Discrimination Task,,2025.1.1,59.9772086617207,2025-09-07 15h15.30.446222 +0530,
1,0,1,up,1,0.7177832999732345,None,0,1,0,1,0,2.867522899992764,,2.864845599979162,2.867522899992764,3.8808858999982476,3.86483059998136,4.599057699961122,up,1,0.7177832999732345,None,0,participant 1,001,2025-09-07_15h15.20.473,Signal Detection Orientation Discrimination Task,,2025.1.1,59.9772086617207,2025-09-07 15h15.30.446222 +0530,
2,0,2,up,0,1.3565275000291876,None,2,2,0,2,0,4.61459549999563,,4.599760899960529,4.61459549999563,5.614286099968012,5.614286099968012,6.981345399981365,up,0,1.3565275000291876,None,2,participant 1,001,2025-09-07_15h15.20.473,Signal Detection Orientation Discrimination Task,,2025.1.1,59.9772086617207,2025-09-07 15h15.30.446222 +0530,
3,0,3,down,0,1.1471796999685466,None,0,3,0,3,0,6.997418899962213,,6.981683399993926,6.997418899962213,7.997635499981698,7.98092619999079,9.131329900003038,down,0,1.1471796999685466,None,0,participant 1,001,2025-09-07_15h15.20.473,Signal Detection Orientation Discrimination Task,,2025.1.1,59.9772086617207,2025-09-07 15h15.30.446222 +0530,
4,0,4,up,1,0.5268528999877162,None,0,4,0,4,0,9.147448299976531,,9.13151709997328,9.147448299976531,10.148018900013994,10.131504199991468,10.664521500002593,up,1,0.5268528999877162,None,0,participant 1,001,2025-09-07_15h15.20.473,Signal Detection Orientation Discrimination Task,,2025.1.1,59.9772086617207,2025-09-07 15h15.30.446222 +0530,
5,0,5,down,1,0.7079430000158027,None,-3,5,0,5,0,10.6807448999607,,10.66488619998563,10.6807448999607,11.680783099960536,11.664346800011117,12.381615499965847,down,1,0.7079430000158027,None,-3,participant 1,001,2025-09-07_15h15.20.473,Signal Detection Orientation Discrimination Task,,2025.1.1,59.9772086617207,2025-09-07 15h15.30.446222 +0530,
6,0,6,up,0,0.6140604999964125,None,1,6,0,6,0,12.397595699992962,,12.381994399998803,12.397595699992962,13.398092499992345,13.381139700009953,13.997964899986982,up,0,0.6140604999964125,None,1,participant 1,001,2025-09-07_15h15.20.473,Signal Detection Orientation Discrimination Task,,2025.1.1,59.9772086617207,2025-09-07 15h15.30.446222 +0530,
7,0,7,up,1,0.9641206000233069,None,0,7,0,7,0,14.014204100007191,,13.99834120000014,14.014204100007191,15.014246999984607,14.997506999992765,15.964841799985152,up,1,0.9641206000233069,None,0,participant 1,001,2025-09-07_15h15.20.473,Signal Detection Orientation Discrimination Task,,2025.1.1,59.9772086617207,2025-09-07 15h15.30.446222 +0530,
8,0,8,up,1,0.6059572999947704,None,0,8,0,8,0,15.98087069997564,,15.965296800015494,15.98087069997564,16.98064769996563,16.96393229998648,17.58128260000376,up,1,0.6059572999947704,None,0,participant 1,001,2025-09-07_15h15.20.473,Signal Detection Orientation Discrimination Task,,2025.1.1,59.9772086617207,2025-09-07 15h15.30.446222 +0530,
9,0,9,down,0,1.1391451000235975,None,0,9,0,9,0,17.5971850999631,,17.581663099990692,17.5971850999631,18.597649200004525,18.580958299979102,19.73108980001416,down,0,1.1391451000235975,None,0,participant 1,001,2025-09-07_15h15.20.473,Signal Detection Orientation Discrimination Task,,2025.1.1,59.9772086617207,2025-09-07 15h15.30.446222 +0530,
10,0,10,up,0,0.5580600000103004,None,3,10,0,10,0,19.747304299962707,,19.73151129996404,19.747304299962707,20.747184499981813,20.730681899993215,21.298392099968623,up,0,0.5580600000103004,None,3,participant 1,001,2025-09-07_15h15.20.473,Signal Detection Orientation Discrimination Task,,2025.1.1,59.9772086617207,2025-09-07 15h15.30.446222 +0530,
11,0,11,up,1,0.8761402000091039,None,0,11,0,11,0,21.314411400002427,,21.298729199974332,21.314411400002427,22.313906700001098,22.313906700001098,23.198158599960152,up,1,0.8761402000091039,None,0,participant 1,001,2025-09-07_15h15.20.473,Signal Detection Orientation Discrimination Task,,2025.1.1,59.9772086617207,2025-09-07 15h15.30.446222 +0530,
12,0,12,down,0,1.0275086999754421,None,0,12,0,12,0,23.21425769996131,,23.198497399978805,23.21425769996131,24.214500800007954,24.197679999982938,25.23221069999272,down,0,1.0275086999754421,None,0,participant 1,001,2025-09-07_15h15.20.473,Signal Detection Orientation Discrimination Task,,2025.1.1,59.9772086617207,2025-09-07 15h15.30.446222 +0530,
13,0,13,up,1,0.7542609000229277,None,0,13,0,13,0,25.24744800000917,,25.23273639997933,25.24744800000917,26.247124699992128,26.247124699992128,27.0143310999847,up,1,0.7542609000229277,None,0,participant 1,001,2025-09-07_15h15.20.473,Signal Detection Orientation Discrimination Task,,2025.1.1,59.9772086617207,2025-09-07 15h15.30.446222 +0530,
14,0,14,down,1,0.6650932999909855,None,1,14,0,14,0,27.03066619997844,,27.014775299991015,27.03066619997844,28.0305120999692,28.01378759997897,28.680951999966055,down,1,0.6650932999909855,None,1,participant 1,001,2025-09-07_15h15.20.473,Signal Detection Orientation Discrimination Task,,2025.1.1,59.9772086617207,2025-09-07 15h15.30.446222 +0530,
15,0,15,down,1,0.6249462999985553,None,1,15,0,15,0,28.697702699981164,,28.681334299966693,28.697702699981164,29.697858200001065,29.68058410001686,30.3139216999989,down,1,0.6249462999985553,None,1,participant 1,001,2025-09-07_15h15.20.473,Signal Detection Orientation Discrimination Task,,2025.1.1,59.9772086617207,2025-09-07 15h15.30.446222 +0530,
16,0,16,up,0,1.0729368000174873,None,1,16,0,16,0,30.330477999988943,,30.314161100017373,30.330477999988943,31.331155899970327,31.31424809998134,32.39718049997464,up,0,1.0729368000174873,None,1,participant 1,001,2025-09-07_15h15.20.473,Signal Detection Orientation Discrimination Task,,2025.1.1,59.9772086617207,2025-09-07 15h15.30.446222 +0530,
17,0,17,down,1,0.659267799986992,None,-5,17,0,17,0,32.41361559997313,,32.397487699985504,32.41361559997313,33.414300800010096,33.39704599999823,34.064271299983375,down,1,0.659267799986992,None,-5,participant 1,001,2025-09-07_15h15.20.473,Signal Detection Orientation Discrimination Task,,2025.1.1,59.9772086617207,2025-09-07 15h15.30.446222 +0530,
18,0,18,down,1,0.8147068000398576,None,-5,18,0,18,0,34.080920599983074,,34.06462959997589,34.080920599983074,35.080443599959835,35.06361810001545,35.88101979997009,down,1,0.8147068000398576,None,-5,participant 1,001,2025-09-07_15h15.20.473,Signal Detection Orientation Discrimination Task,,2025.1.1,59.9772086617207,2025-09-07 15h15.30.446222 +0530,
19,0,19,up,1,0.9447172000072896,None,0,19,0,19,0,35.89752309996402,,35.88144679996185,35.89752309996402,36.89764979999745,36.88078269996913,37.831652499968186,up,1,0.9447172000072896,None,0,participant 1,001,2025-09-07_15h15.20.473,Signal Detection Orientation Discrimination Task,,2025.1.1,59.9772086617207,2025-09-07 15h15.30.446222 +0530,
20,0,20,up,1,0.8541214999859221,None,0,20,0,20,0,37.84743059996981,,37.83219960000133,37.84743059996981,38.84687919996213,38.84687919996213,39.713864999997895,up,1,0.8541214999859221,None,0,participant 1,001,2025-09-07_15h15.20.473,Signal Detection Orientation Discrimination Task,,2025.1.1,59.9772086617207,2025-09-07 15h15.30.446222 +0530,
21,0,21,down,0,1.2744212000397965,None,0,21,0,21,0,39.730559699994046,,39.71422620001249,39.730559699994046,40.73005650000414,40.71358689997578,41.99702159996377,down,0,1.2744212000397965,None,0,participant 1,001,2025-09-07_15h15.20.473,Signal Detection Orientation Discrimination Task,,2025.1.1,59.9772086617207,2025-09-07 15h15.30.446222 +0530,
22,0,22,down,1,0.91064960003132,None,-2,22,0,22,0,42.01338819996454,,41.997203000006266,42.01338819996454,43.01372139999876,42.99687829997856,43.913733800000045,down,1,0.91064960003132,None,-2,participant 1,001,2025-09-07_15h15.20.473,Signal Detection Orientation Discrimination Task,,2025.1.1,59.9772086617207,2025-09-07 15h15.30.446222 +0530,
23,0,23,up,1,0.7539958000415936,None,0,23,0,23,0,43.93000569997821,,43.914069599995855,43.93000569997821,44.93085249996511,44.9137422000058,45.6805003999616,up,1,0.7539958000415936,None,0,participant 1,001,2025-09-07_15h15.20.473,Signal Detection Orientation Discrimination Task,,2025.1.1,59.9772086617207,2025-09-07 15h15.30.446222 +0530,
24,0,24,up,1,0.559210899984464,None,0,24,0,24,0,45.697376500000246,,45.68080779997399,45.697376500000246,46.69717459997628,46.68030899995938,47.24716389999958,up,1,0.559210899984464,None,0,participant 1,001,2025-09-07_15h15.20.473,Signal Detection Orientation Discrimination Task,,2025.1.1,59.9772086617207,2025-09-07 15h15.30.446222 +0530,
25,0,25,down,1,0.6688362000277266,None,3,25,0,25,0,47.26334179996047,,47.247507699998096,47.26334179996047,48.26398190000327,48.24703139998019,48.9307431000052,down,1,0.6688362000277266,None,3,participant 1,001,2025-09-07_15h15.20.473,Signal Detection Orientation Discrimination Task,,2025.1.1,59.9772086617207,2025-09-07 15h15.30.446222 +0530,
26,0,26,down,1,0.6087028000038117,None,4,26,0,26,0,48.94672419998096,,48.93113879999146,48.94672419998096,49.94687749998411,49.930765600001905,50.54751900001429,down,1,0.6087028000038117,None,4,participant 1,001,2025-09-07_15h15.20.473,Signal Detection Orientation Discrimination Task,,2025.1.1,59.9772086617207,2025-09-07 15h15.30.446222 +0530,
27,0,27,down,1,0.530180300003849,None,4,27,0,27,0,50.56400569999823,,50.5479306000052,50.56400569999823,51.5634190000128,51.546779999975115,52.07989679998718,down,1,0.530180300003849,None,4,participant 1,001,2025-09-07_15h15.20.473,Signal Detection Orientation Discrimination Task,,2025.1.1,59.9772086617207,2025-09-07 15h15.30.446222 +0530,
28,0,28,down,1,0.983805600029882,None,-5,28,0,28,0,52.09626819996629,,52.080078699975275,52.09626819996629,53.09727079997538,53.080724100000225,54.08003589999862,down,1,0.983805600029882,None,-5,participant 1,001,2025-09-07_15h15.20.473,Signal Detection Orientation Discrimination Task,,2025.1.1,59.9772086617207,2025-09-07 15h15.30.446222 +0530,
29,0,29,up,0,0.8912105000345036,None,-4,29,0,29,0,54.096261699975,,54.080421899969224,54.096261699975,55.096730199991725,55.08006890001707,55.98071520001395,up,0,0.8912105000345036,None,-4,participant 1,001,2025-09-07_15h15.20.473,Signal Detection Orientation Discrimination Task,,2025.1.1,59.9772086617207,2025-09-07 15h15.30.446222 +0530,
30,0,30,up,1,0.6530324000050314,None,0,30,0,30,0,55.99717950000195,,55.981056899996474,55.99717950000195,56.99655859998893,56.97987059998559,57.64762309996877,up,1,0.6530324000050314,None,0,participant 1,001,2025-09-07_15h15.20.473,Signal Detection Orientation Discrimination Task,,2025.1.1,59.9772086617207,2025-09-07 15h15.30.446222 +0530,
31,0,31,up,1,0.5685075999936089,None,0,31,0,31,0,57.66386969998712,,57.647958100016695,57.66386969998712,58.66387809999287,58.64718009997159,59.230631899961736,up,1,0.5685075999936089,None,0,participant 1,001,2025-09-07_15h15.20.473,Signal Detection Orientation Discrimination Task,,2025.1.1,59.9772086617207,2025-09-07 15h15.30.446222 +0530,
32,0,32,down,1,0.5683064000331797,None,-5,32,0,32,0,59.246535199985374,,59.23103219998302,59.246535199985374,60.24638959998265,60.24638959998265,60.83057170000393,down,1,0.5683064000331797,None,-5,participant 1,001,2025-09-07_15h15.20.473,Signal Detection Orientation Discrimination Task,,2025.1.1,59.9772086617207,2025-09-07 15h15.30.446222 +0530,
33,0,33,down,1,0.7800491999951191,None,1,33,0,33,0,60.84730680001667,,60.83098789997166,60.84730680001667,61.846507199981716,61.846507199981716,62.63096969999606,down,1,0.7800491999951191,None,1,participant 1,001,2025-09-07_15h15.20.473,Signal Detection Orientation Discrimination Task,,2025.1.1,59.9772086617207,2025-09-07 15h15.30.446222 +0530,
34,0,34,up,1,0.4715237999917008,None,0,34,0,34,0,62.6465787999914,,62.63147510000272,62.6465787999914,63.64649489999283,63.64649489999283,64.13084900000831,up,1,0.4715237999917008,None,0,participant 1,001,2025-09-07_15h15.20.473,Signal Detection Orientation Discrimination Task,,2025.1.1,59.9772086617207,2025-09-07 15h15.30.446222 +0530,
35,0,35,down,1,1.164003399957437,None,-3,35,0,35,0,64.14704690000508,,64.13123509997968,64.14704690000508,65.14630520000355,65.14630520000355,66.31384610000532,down,1,1.164003399957437,None,-3,participant 1,001,2025-09-07_15h15.20.473,Signal Detection Orientation Discrimination Task,,2025.1.1,59.9772086617207,2025-09-07 15h15.30.446222 +0530,
36,0,36,down,1,0.8526165999937803,None,4,36,0,36,0,66.33039119996829,,66.31425709999166,66.33039119996829,67.32989369996358,67.32989369996358,68.19695060001686,down,1,0.8526165999937803,None,4,participant 1,001,2025-09-07_15h15.20.473,Signal Detection Orientation Discrimination Task,,2025.1.1,59.9772086617207,2025-09-07 15h15.30.446222 +0530,
37,0,37,down,1,0.44573749997653067,None,4,37,0,37,0,68.21343949995935,,68.19735729997046,68.21343949995935,69.21315169997979,69.19713929999853,69.64690379996318,down,1,0.44573749997653067,None,4,participant 1,001,2025-09-07_15h15.20.473,Signal Detection Orientation Discrimination Task,,2025.1.1,59.9772086617207,2025-09-07 15h15.30.446222 +0530,
38,0,38,up,0,0.7192866000114009,None,-2,38,0,38,0,69.66303180000978,,69.64729449996958,69.66303180000978,70.66363079997245,70.64708259998588,71.38028589996975,up,0,0.7192866000114009,None,-2,participant 1,001,2025-09-07_15h15.20.473,Signal Detection Orientation Discrimination Task,,2025.1.1,59.9772086617207,2025-09-07 15h15.30.446222 +0530,
39,0,39,up,1,0.4140301999868825,None,0,39,0,39,0,71.39644719997887,,71.38065790000837,71.39644719997887,72.39634729997488,72.37989499996183,72.79691699997056,up,1,0.4140301999868825,None,0,participant 1,001,2025-09-07_15h15.20.473,Signal Detection Orientation Discrimination Task,,2025.1.1,59.9772086617207,2025-09-07 15h15.30.446222 +0530,
40,0,40,up,1,0.8329089999897406,None,0,40,0,40,0,72.81340340001043,,72.79723989998456,72.81340340001043,73.81316739995964,73.79689789999975,74.63139270001557,up,1,0.8329089999897406,None,0,participant 1,001,2025-09-07_15h15.20.473,Signal Detection Orientation Discrimination Task,,2025.1.1,59.9772086617207,2025-09-07 15h15.30.446222 +0530,
41,0,41,up,1,0.6588451999705285,None,0,41,0,41,0,74.64667619997635,,74.63212239998393,74.64667619997635,75.64670440001646,75.64670440001646,76.31367189995944,up,1,0.6588451999705285,None,0,participant 1,001,2025-09-07_15h15.20.473,Signal Detection Orientation Discrimination Task,,2025.1.1,59.9772086617207,2025-09-07 15h15.30.446222 +0530,
42,0,42,up,1,0.6773447000305168,None,0,42,0,42,0,76.32976639998378,,76.31402300001355,76.32976639998378,77.32974660000764,77.31299740000395,77.99686319998,up,1,0.6773447000305168,None,0,participant 1,001,2025-09-07_15h15.20.473,Signal Detection Orientation Discrimination Task,,2025.1.1,59.9772086617207,2025-09-07 15h15.30.446222 +0530,
43,0,43,down,1,0.5241294999723323,None,-4,43,0,43,0,78.01348059996963,,77.99730409996118,78.01348059996963,79.01313440001104,78.99644610000541,79.52991759998258,down,1,0.5241294999723323,None,-4,participant 1,001,2025-09-07_15h15.20.473,Signal Detection Orientation Discrimination Task,,2025.1.1,59.9772086617207,2025-09-07 15h15.30.446222 +0530,
44,0,44,down,0,0.5614126999862492,None,0,44,0,44,0,79.54625040001702,,79.53004669997608,79.54625040001702,80.54665340000065,80.52954849996604,81.09697800001595,down,0,0.5614126999862492,None,0,participant 1,001,2025-09-07_15h15.20.473,Signal Detection Orientation Discrimination Task,,2025.1.1,59.9772086617207,2025-09-07 15h15.30.446222 +0530,
45,0,45,down,1,0.7167857000022195,None,-4,45,0,45,0,81.11292789998697,,81.09746759996051,81.11292789998697,82.11272340000141,82.09628619998693,82.81387479999103,down,1,0.7167857000022195,None,-4,participant 1,001,2025-09-07_15h15.20.473,Signal Detection Orientation Discrimination Task,,2025.1.1,59.9772086617207,2025-09-07 15h15.30.446222 +0530,
46,0,46,up,0,0.582327299984172,None,4,46,0,46,0,82.83013379998738,,82.81429589999607,82.83013379998738,83.82956449995982,83.82956449995982,84.41366720001679,up,0,0.582327299984172,None,4,participant 1,001,2025-09-07_15h15.20.473,Signal Detection Orientation Discrimination Task,,2025.1.1,59.9772086617207,2025-09-07 15h15.30.446222 +0530,
47,0,47,up,1,0.6308954000123776,None,0,47,0,47,0,84.42971900000703,,84.4141514999792,84.42971900000703,85.42959259997588,85.42959259997588,86.06340849999106,up,1,0.6308954000123776,None,0,participant 1,001,2025-09-07_15h15.20.473,Signal Detection Orientation Discrimination Task,,2025.1.1,59.9772086617207,2025-09-07 15h15.30.446222 +0530,
48,0,48,down,0,1.1005158000043593,None,0,48,0,48,0,86.07953889999771,,86.0637824999867,86.07953889999771,87.07945889997063,87.06277590000536,88.18064189999131,down,0,1.1005158000043593,None,0,participant 1,001,2025-09-07_15h15.20.473,Signal Detection Orientation Discrimination Task,,2025.1.1,59.9772086617207,2025-09-07 15h15.30.446222 +0530,
49,0,49,up,0,0.6125991999870166,None,4,49,0,49,0,88.19617750000907,,88.18108259997098,88.19617750000907,89.19659040000988,89.18004830001155,89.79656479996629,up,0,0.6125991999870166,None,4,participant 1,001,2025-09-07_15h15.20.473,Signal Detection Orientation Discrimination Task,,2025.1.1,59.9772086617207,2025-09-07 15h15.30.446222 +0530,
50,0,50,up,1,0.4412538000033237,None,0,50,0,50,0,89.81274389999453,,89.79688509996049,89.81274389999453,90.81294619996333,90.79650509997737,91.24620539997704,up,1,0.4412538000033237,None,0,participant 1,001,2025-09-07_15h15.20.473,Signal Detection Orientation Discrimination Task,,2025.1.1,59.9772086617207,2025-09-07 15h15.30.446222 +0530,
51,0,51,down,1,0.5848426999873482,None,-5,51,0,51,0,91.26285200001439,,91.24641009996412,91.26285200001439,92.26371639996069,92.246856999991,92.8466541999951,down,1,0.5848426999873482,None,-5,participant 1,001,2025-09-07_15h15.20.473,Signal Detection Orientation Discrimination Task,,2025.1.1,59.9772086617207,2025-09-07 15h15.30.446222 +0530,
52,0,52,down,0,0.463398199994117,None,0,52,0,52,0,92.8625633000047,,92.8471084999619,92.8625633000047,93.86288939998485,93.84609159996035,94.31429319997551,down,0,0.463398199994117,None,0,participant 1,001,2025-09-07_15h15.20.473,Signal Detection Orientation Discrimination Task,,2025.1.1,59.9772086617207,2025-09-07 15h15.30.446222 +0530,
53,0,53,up,1,0.6388462000177242,None,0,53,0,53,0,94.32952359999763,,94.31499189999886,94.32952359999763,95.3292510000174,95.3292510000174,95.98096079996321,up,1,0.6388462000177242,None,0,participant 1,001,2025-09-07_15h15.20.473,Signal Detection Orientation Discrimination Task,,2025.1.1,59.9772086617207,2025-09-07 15h15.30.446222 +0530,
54,0,54,up,1,0.5254855999955907,None,0,54,0,54,0,95.99651199998334,,95.98154129995964,95.99651199998334,96.99595329997828,96.99595329997828,97.52994340000441,up,1,0.5254855999955907,None,0,participant 1,001,2025-09-07_15h15.20.473,Signal Detection Orientation Discrimination Task,,2025.1.1,59.9772086617207,2025-09-07 15h15.30.446222 +0530,
55,0,55,up,0,0.4120493999798782,None,4,55,0,55,0,97.54652350000106,,97.53039159998298,97.54652350000106,98.54595589998644,98.52985920000356,98.94691359996796,up,0,0.4120493999798782,None,4,participant 1,001,2025-09-07_15h15.20.473,Signal Detection Orientation Discrimination Task,,2025.1.1,59.9772086617207,2025-09-07 15h15.30.446222 +0530,
56,0,56,down,1,0.49029039999004453,None,3,56,0,56,0,98.96288140001707,,98.9474668999901,98.96288140001707,99.96275110001443,99.96275110001443,100.46351309999591,down,1,0.49029039999004453,None,3,participant 1,001,2025-09-07_15h15.20.473,Signal Detection Orientation Discrimination Task,,2025.1.1,59.9772086617207,2025-09-07 15h15.30.446222 +0530,
57,0,57,down,1,0.6572828000062145,None,2,57,0,57,0,100.47936459997436,,100.46402829996077,100.47936459997436,101.47922189999372,101.47922189999372,102.14730710000731,down,1,0.6572828000062145,None,2,participant 1,001,2025-09-07_15h15.20.473,Signal Detection Orientation Discrimination Task,,2025.1.1,59.9772086617207,2025-09-07 15h15.30.446222 +0530,
58,0,58,down,1,0.8993901999783702,None,-3,58,0,58,0,102.1627967999666,,102.14807339996332,102.1627967999666,103.1632870999747,103.1632870999747,104.08012269996107,down,1,0.8993901999783702,None,-3,participant 1,001,2025-09-07_15h15.20.473,Signal Detection Orientation Discrimination Task,,2025.1.1,59.9772086617207,2025-09-07 15h15.30.446222 +0530,
59,0,59,up,1,0.5083533000433818,None,0,59,0,59,0,104.0958642999758,,104.08060039998963,104.0958642999758,105.09574630000861,105.09574630000861,105.61229570000432,up,1,0.5083533000433818,None,0,participant 1,001,2025-09-07_15h15.20.473,Signal Detection Orientation Discrimination Task,,2025.1.1,59.9772086617207,2025-09-07 15h15.30.446222 +0530,
60,0,60,up,1,0.5757313999929465,None,0,60,0,60,0,105.62893790000817,,105.61244250001619,105.62893790000817,106.6289170999662,106.61236400000053,107.19682790001389,up,1,0.5757313999929465,None,0,participant 1,001,2025-09-07_15h15.20.473,Signal Detection Orientation Discrimination Task,,2025.1.1,59.9772086617207,2025-09-07 15h15.30.446222 +0530,
61,0,61,down,1,0.6436254999716766,None,2,61,0,61,0,107.21238230000017,,107.19727890001377,107.21238230000017,108.21269329998177,108.21269329998177,108.86282549996395,down,1,0.6436254999716766,None,2,participant 1,001,2025-09-07_15h15.20.473,Signal Detection Orientation Discrimination Task,,2025.1.1,59.9772086617207,2025-09-07 15h15.30.446222 +0530,
62,0,62,up,0,0.4804260000237264,None,1,62,0,62,0,108.87909239996225,,108.86315839999588,108.87909239996225,109.87896519998321,109.86235549999401,110.34582970000338,up,0,0.4804260000237264,None,1,participant 1,001,2025-09-07_15h15.20.473,Signal Detection Orientation Discrimination Task,,2025.1.1,59.9772086617207,2025-09-07 15h15.30.446222 +0530,
63,0,63,up,1,0.565976399986539,None,0,63,0,63,0,110.36233799997717,,110.34598400001414,110.36233799997717,111.36270599998534,111.34596140001668,111.91254699998535,up,1,0.565976399986539,None,0,participant 1,001,2025-09-07_15h15.20.473,Signal Detection Orientation Discrimination Task,,2025.1.1,59.9772086617207,2025-09-07 15h15.30.446222 +0530,
64,0,64,up,0,0.5301886000088416,None,-3,64,0,64,0,111.92883250000887,,111.91273139999248,111.92883250000887,112.92912719998276,112.91276169999037,113.44640279997839,up,0,0.5301886000088416,None,-3,participant 1,001,2025-09-07_15h15.20.473,Signal Detection Orientation Discrimination Task,,2025.1.1,59.9772086617207,2025-09-07 15h15.30.446222 +0530,
65,0,65,up,0,0.8825836000032723,None,2,65,0,65,0,113.46250699996017,,113.44677979999688,113.46250699996017,114.46241139998892,114.44618989998708,115.33022810000693,up,0,0.8825836000032723,None,2,participant 1,001,2025-09-07_15h15.20.473,Signal Detection Orientation Discrimination Task,,2025.1.1,59.9772086617207,2025-09-07 15h15.30.446222 +0530,
66,0,66,down,1,0.6276922000106424,None,-2,66,0,66,0,115.3463638999965,,115.33071730000665,115.3463638999965,116.34570740000345,116.34570740000345,116.97933729999932,down,1,0.6276922000106424,None,-2,participant 1,001,2025-09-07_15h15.20.473,Signal Detection Orientation Discrimination Task,,2025.1.1,59.9772086617207,2025-09-07 15h15.30.446222 +0530,
67,0,67,down,1,0.505334599991329,None,-5,67,0,67,0,116.99562549998518,,116.97963919996982,116.99562549998518,117.9955767999636,117.97903769998811,118.49618770001689,down,1,0.505334599991329,None,-5,participant 1,001,2025-09-07_15h15.20.473,Signal Detection Orientation Discrimination Task,,2025.1.1,59.9772086617207,2025-09-07 15h15.30.446222 +0530,
68,0,68,down,0,0.6186732000205666,None,0,68,0,68,0,118.51211939996574,,118.49657630000729,118.51211939996574,119.51200330001302,119.4952489999705,120.12950119999005,down,0,0.6186732000205666,None,0,participant 1,001,2025-09-07_15h15.20.473,Signal Detection Orientation Discrimination Task,,2025.1.1,59.9772086617207,2025-09-07 15h15.30.446222 +0530,
69,0,69,down,1,0.6823449000366963,None,4,69,0,69,0,120.14541449997341,,120.12993039999856,120.14541449997341,121.14570419996744,121.12877229996957,121.81296249997104,down,1,0.6823449000366963,None,4,participant 1,001,2025-09-07_15h15.20.473,Signal Detection Orientation Discrimination Task,,2025.1.1,59.9772086617207,2025-09-07 15h15.30.446222 +0530,
70,0,70,down,0,0.8325801999890245,None,0,70,0,70,0,121.82895719999215,,121.81323659996269,121.82895719999215,122.82958429999417,122.81240100000286,123.64679049997358,down,0,0.8325801999890245,None,0,participant 1,001,2025-09-07_15h15.20.473,Signal Detection Orientation Discrimination Task,,2025.1.1,59.9772086617207,2025-09-07 15h15.30.446222 +0530,
71,0,71,up,0,0.5022006999934092,None,-2,71,0,71,0,123.66284110001288,,123.6473479999695,123.66284110001288,124.6626526999753,124.64563479996286,125.16321209998569,up,0,0.5022006999934092,None,-2,participant 1,001,2025-09-07_15h15.20.473,Signal Detection Orientation Discrimination Task,,2025.1.1,59.9772086617207,2025-09-07 15h15.30.446222 +0530,
72,0,72,down,1,0.7727129000122659,None,-2,72,0,72,0,125.17940329998964,,125.16358059999766,125.17940329998964,126.17937919998076,126.16270089999307,126.94587280001724,down,1,0.7727129000122659,None,-2,participant 1,001,2025-09-07_15h15.20.473,Signal Detection Orientation Discrimination Task,,2025.1.1,59.9772086617207,2025-09-07 15h15.30.446222 +0530,
73,0,73,down,1,0.46580440003890544,None,-3,73,0,73,0,126.96204650000436,,126.94621550000738,126.96204650000436,127.96217079996131,127.94552209996618,128.41251100000227,down,1,0.46580440003890544,None,-3,participant 1,001,2025-09-07_15h15.20.473,Signal Detection Orientation Discrimination Task,,2025.1.1,59.9772086617207,2025-09-07 15h15.30.446222 +0530,
74,0,74,down,0,0.40295070002321154,None,0,74,0,74,0,128.42954789998475,,128.41286430001492,128.42954789998475,129.4289120999747,129.41252499999246,129.8291611999739,down,0,0.40295070002321154,None,0,participant 1,001,2025-09-07_15h15.20.473,Signal Detection Orientation Discrimination Task,,2025.1.1,59.9772086617207,2025-09-07 15h15.30.446222 +0530,
75,0,75,down,1,0.46358699997654185,None,-4,75,0,75,0,129.84584480000194,,129.8295127999736,129.84584480000194,130.84563230001368,130.82880219997605,131.29576989996713,down,1,0.46358699997654185,None,-4,participant 1,001,2025-09-07_15h15.20.473,Signal Detection Orientation Discrimination Task,,2025.1.1,59.9772086617207,2025-09-07 15h15.30.446222 +0530,
76,0,76,up,1,0.7532427000114694,None,0,76,0,76,0,131.3119139999617,,131.2960920999758,131.3119139999617,132.31216899998253,132.29541179997614,133.06262589996913,up,1,0.7532427000114694,None,0,participant 1,001,2025-09-07_15h15.20.473,Signal Detection Orientation Discrimination Task,,2025.1.1,59.9772086617207,2025-09-07 15h15.30.446222 +0530,
77,0,77,up,0,0.8470696000149474,None,1,77,0,77,0,133.0786686000065,,133.06299629999558,133.0786686000065,134.0784656999749,134.0784656999749,134.92885819997173,up,0,0.8470696000149474,None,1,participant 1,001,2025-09-07_15h15.20.473,Signal Detection Orientation Discrimination Task,,2025.1.1,59.9772086617207,2025-09-07 15h15.30.446222 +0530,
78,0,78,up,1,0.8495950999786146,None,0,78,0,78,0,134.94508829998085,,134.92913179995958,134.94508829998085,135.94526379997842,135.92862449999666,136.77905740001006,up,1,0.8495950999786146,None,0,participant 1,001,2025-09-07_15h15.20.473,Signal Detection Orientation Discrimination Task,,2025.1.1,59.9772086617207,2025-09-07 15h15.30.446222 +0530,
79,0,79,down,0,0.5725322000216693,None,0,79,0,79,0,136.7952246000059,,136.77939529996365,136.7952246000059,137.7951497999602,137.7785092999693,138.36212529998738,down,0,0.5725322000216693,None,0,participant 1,001,2025-09-07_15h15.20.473,Signal Detection Orientation Discrimination Task,,2025.1.1,59.9772086617207,2025-09-07 15h15.30.446222 +0530,
80,0,80,down,0,0.6371415000176057,None,0,80,0,80,0,138.37857539998367,,138.36236829997506,138.37857539998367,139.37867659999756,139.36198439996224,140.01222159998724,down,0,0.6371415000176057,None,0,participant 1,001,2025-09-07_15h15.20.473,Signal Detection Orientation Discrimination Task,,2025.1.1,59.9772086617207,2025-09-07 15h15.30.446222 +0530,
81,0,81,up,1,0.5776656999951228,None,0,81,0,81,0,140.0286430999986,,140.0124846000108,140.0286430999986,141.02844989998266,141.012034400017,141.59570070001064,up,1,0.5776656999951228,None,0,participant 1,001,2025-09-07_15h15.20.473,Signal Detection Orientation Discrimination Task,,2025.1.1,59.9772086617207,2025-09-07 15h15.30.446222 +0530,
82,0,82,down,1,0.9946551999892108,None,1,82,0,82,0,141.61197679996258,,141.59606319997692,141.61197679996258,142.61185069999192,142.59536490001483,143.59547689999454,down,1,0.9946551999892108,None,1,participant 1,001,2025-09-07_15h15.20.473,Signal Detection Orientation Discrimination Task,,2025.1.1,59.9772086617207,2025-09-07 15h15.30.446222 +0530,
83,0,83,up,1,1.687480799970217,None,0,83,0,83,0,143.6117937999661,,143.59576230001403,143.6117937999661,144.61174769996433,144.59499820001656,146.29543250001734,up,1,1.687480799970217,None,0,participant 1,001,2025-09-07_15h15.20.473,Signal Detection Orientation Discrimination Task,,2025.1.1,59.9772086617207,2025-09-07 15h15.30.446222 +0530,
84,0,84,down,1,0.7162857999792323,None,-5,84,0,84,0,146.3116369000054,,146.29563690000214,146.3116369000054,147.31197549996432,147.2951306999894,148.01213459996507,down,1,0.7162857999792323,None,-5,participant 1,001,2025-09-07_15h15.20.473,Signal Detection Orientation Discrimination Task,,2025.1.1,59.9772086617207,2025-09-07 15h15.30.446222 +0530,
85,0,85,up,1,0.6352123999968171,None,0,85,0,85,0,148.0284792999737,,148.01241530000698,148.0284792999737,149.02840989996912,149.01169539999682,149.66235709999455,up,1,0.6352123999968171,None,0,participant 1,001,2025-09-07_15h15.20.473,Signal Detection Orientation Discrimination Task,,2025.1.1,59.9772086617207,2025-09-07 15h15.30.446222 +0530,
86,0,86,down,1,0.7454041999881156,None,-3,86,0,86,0,149.6784313999815,,149.66277729999274,149.6784313999815,150.67845159996068,150.66161479998846,151.41201199998613,down,1,0.7454041999881156,None,-3,participant 1,001,2025-09-07_15h15.20.473,Signal Detection Orientation Discrimination Task,,2025.1.1,59.9772086617207,2025-09-07 15h15.30.446222 +0530,
87,0,87,up,1,0.47743139998055995,None,0,87,0,87,0,151.42827599996235,,151.41231469996274,151.42827599996235,152.42843749996973,152.41178139997646,152.89532740000868,up,1,0.47743139998055995,None,0,participant 1,001,2025-09-07_15h15.20.473,Signal Detection Orientation Discrimination Task,,2025.1.1,59.9772086617207,2025-09-07 15h15.30.446222 +0530,
88,0,88,up,1,0.7526790999691002,None,0,88,0,88,0,152.91161219996866,,152.89558830001624,152.91161219996866,153.9117755999905,153.894942599989,154.66195939999307,up,1,0.7526790999691002,None,0,participant 1,001,2025-09-07_15h15.20.473,Signal Detection Orientation Discrimination Task,,2025.1.1,59.9772086617207,2025-09-07 15h15.30.446222 +0530,
89,0,89,up,1,0.6629696000018157,None,0,89,0,89,0,154.67824759997893,,154.66222729999572,154.67824759997893,155.67832780000754,155.66169300000183,156.3287674000021,up,1,0.6629696000018157,None,0,participant 1,001,2025-09-07_15h15.20.473,Signal Detection Orientation Discrimination Task,,2025.1.1,59.9772086617207,2025-09-07 15h15.30.446222 +0530,
90,0,90,down,1,0.6597890999983065,None,4,90,0,90,0,156.34514079999644,,156.32911890000105,156.34514079999644,157.34507330000633,157.32829149998724,157.99521129997447,down,1,0.6597890999983065,None,4,participant 1,001,2025-09-07_15h15.20.473,Signal Detection Orientation Discrimination Task,,2025.1.1,59.9772086617207,2025-09-07 15h15.30.446222 +0530,
91,0,91,up,1,0.6048756999662146,None,0,91,0,91,0,158.01142799999798,,157.99534739996307,158.01142799999798,159.0118097999948,158.99494689999847,159.61174449999817,up,1,0.6048756999662146,None,0,participant 1,001,2025-09-07_15h15.20.473,Signal Detection Orientation Discrimination Task,,2025.1.1,59.9772086617207,2025-09-07 15h15.30.446222 +0530,
92,0,92,down,1,0.651765099959448,None,-5,92,0,92,0,159.62810749997152,,159.61201599997003,159.62810749997152,160.6283010999905,160.61152079998283,161.27879479998956,down,1,0.651765099959448,None,-5,participant 1,001,2025-09-07_15h15.20.473,Signal Detection Orientation Discrimination Task,,2025.1.1,59.9772086617207,2025-09-07 15h15.30.446222 +0530,
93,0,93,up,1,0.39427280001109466,None,0,93,0,93,0,161.2948432000121,,161.27915469999425,161.2948432000121,162.29500159999589,162.27824189997045,162.67853609996382,up,1,0.39427280001109466,None,0,participant 1,001,2025-09-07_15h15.20.473,Signal Detection Orientation Discrimination Task,,2025.1.1,59.9772086617207,2025-09-07 15h15.30.446222 +0530,
94,0,94,down,0,0.5367471000063233,None,0,94,0,94,0,162.6947512999759,,162.67879530001665,162.6947512999759,163.69479509996017,163.67815910000354,164.2284022999811,down,0,0.5367471000063233,None,0,participant 1,001,2025-09-07_15h15.20.473,Signal Detection Orientation Discrimination Task,,2025.1.1,59.9772086617207,2025-09-07 15h15.30.446222 +0530,
95,0,95,up,1,0.3370024000178091,None,0,95,0,95,0,164.24465459998464,,164.22855070000514,164.24465459998464,165.2450691999984,165.22823289997177,165.57868269999744,up,1,0.3370024000178091,None,0,participant 1,001,2025-09-07_15h15.20.473,Signal Detection Orientation Discrimination Task,,2025.1.1,59.9772086617207,2025-09-07 15h15.30.446222 +0530,
96,0,96,down,1,0.7108859000145458,None,-4,96,0,96,0,165.59482779999962,,165.57906119996915,165.59482779999962,166.59490369999548,166.57824880001135,167.29520679998677,down,1,0.7108859000145458,None,-4,participant 1,001,2025-09-07_15h15.20.473,Signal Detection Orientation Discrimination Task,,2025.1.1,59.9772086617207,2025-09-07 15h15.30.446222 +0530,
97,0,97,down,1,1.6665258000139147,None,-2,97,0,97,0,167.3116497999872,,167.29540339997038,167.3116497999872,168.31154239998432,168.29487250000238,169.9617226999835,down,1,1.6665258000139147,None,-2,participant 1,001,2025-09-07_15h15.20.473,Signal Detection Orientation Discrimination Task,,2025.1.1,59.9772086617207,2025-09-07 15h15.30.446222 +0530,
98,0,98,up,1,0.5136894999886863,None,0,98,0,98,0,169.9779290999868,,169.96199649997288,169.9779290999868,170.9782035999815,170.96157489996403,171.47839150001528,up,1,0.5136894999886863,None,0,participant 1,001,2025-09-07_15h15.20.473,Signal Detection Orientation Discrimination Task,,2025.1.1,59.9772086617207,2025-09-07 15h15.30.446222 +0530,
99,0,99,up,1,0.6873295000405051,None,0,99,0,99,0,171.49469259998295,,171.47864129999653,171.49469259998295,172.494482900016,172.4780444999924,173.1784045000095,up,1,0.6873295000405051,None,0,participant 1,001,2025-09-07_15h15.20.473,Signal Detection Orientation Discrimination Task,,2025.1.1,59.9772086617207,2025-09-07 15h15.30.446222 +0530,
