thisN,thisTrialN,thisRepN,mouse.x,mouse.y,mouse.leftButton,mouse.midButton,mouse.rightButton,mouse.time,mouse.clicked_name,trials.thisRepN,trials.thisTrialN,trials.thisN,trials.thisIndex,thisRow.t,notes,num_distr,trial.started,fixation.started,target.started,mouse.started,trial.stopped,trials.mouse.x,trials.mouse.y,trials.mouse.leftButton,trials.mouse.midButton,trials.mouse.rightButton,trials.mouse.time,trials.mouse.clicked_name,participant,session,date,expName,expVersion,psychopyVersion,frameRate,expStart,
0,0,0,[np.float64(0.10277777777777777)],[np.float64(0.14)],[1],[0],[0],[1.1261750000994653],['target'],0,0,0,0,0.03439600020647049,,10,0.023751200176775455,0.03439600020647049,0.03439600020647049,0.023779100039973855,1.1500277000013739,[np.float64(0.10277777777777777)],[np.float64(0.14)],[1],[0],[0],[1.1261750000994653],['target'],participant 5,001,2025-09-30_14h00.14.836,Visual Search,,2025.1.1,60.11190436149224,2025-09-30 14h01.04.067501 +0530,
1,0,1,[np.float64(0.2477777777777778)],[np.float64(-0.47944444444444445)],[1],[0],[0],[1.3899882000405341],['target'],1,0,1,0,1.187553800176829,,10,1.1752748000435531,1.187553800176829,1.187553800176829,0.025020400062203407,2.5653692001942545,[np.float64(0.2477777777777778)],[np.float64(-0.47944444444444445)],[1],[0],[0],[1.3899882000405341],['target'],participant 5,001,2025-09-30_14h00.14.836,Visual Search,,2025.1.1,60.11190436149224,2025-09-30 14h01.04.067501 +0530,
2,0,2,[np.float64(0.2361111111111111)],[np.float64(0.11222222222222222)],[1],[0],[0],[1.3688407998997718],['target'],2,0,2,0,2.587698500137776,,5,2.580106400186196,2.587698500137776,2.587698500137776,0.014520600205287337,3.9490062000695616,[np.float64(0.2361111111111111)],[np.float64(0.11222222222222222)],[1],[0],[0],[1.3688407998997718],['target'],participant 5,001,2025-09-30_14h00.14.836,Visual Search,,2025.1.1,60.11190436149224,2025-09-30 14h01.04.067501 +0530,
3,0,3,[np.float64(-0.3616666666666667)],[np.float64(-0.026111111111111113)],[1],[0],[0],[1.4868957998696715],['target'],3,0,3,0,3.967781900195405,,5,3.9624312000814825,3.967781900195405,3.967781900195405,0.013330399990081787,5.449443300021812,[np.float64(-0.3616666666666667)],[np.float64(-0.026111111111111113)],[1],[0],[0],[1.4868957998696715],['target'],participant 5,001,2025-09-30_14h00.14.836,Visual Search,,2025.1.1,60.11190436149224,2025-09-30 14h01.04.067501 +0530,
4,0,4,[np.float64(0.12833333333333333)],[np.float64(0.5)],[1],[0],[0],[1.3840554000344127],['target'],4,0,4,0,5.471605500206351,,5,5.464967100182548,5.471605500206351,5.471605500206351,0.01532440003938973,6.849126500077546,[np.float64(0.12833333333333333)],[np.float64(0.5)],[1],[0],[0],[1.3840554000344127],['target'],participant 5,001,2025-09-30_14h00.14.836,Visual Search,,2025.1.1,60.11190436149224,2025-09-30 14h01.04.067501 +0530,
5,0,5,[np.float64(-0.3283333333333333)],[np.float64(0.2772222222222222)],[1],[0],[0],[1.3379665999673307],['target'],5,0,5,0,6.86488140001893,,5,6.859828600194305,6.86488140001893,6.86488140001893,0.010506900027394295,8.197901900159195,[np.float64(-0.3283333333333333)],[np.float64(0.2772222222222222)],[1],[0],[0],[1.3379665999673307],['target'],participant 5,001,2025-09-30_14h00.14.836,Visual Search,,2025.1.1,60.11190436149224,2025-09-30 14h01.04.067501 +0530,
6,0,6,[np.float64(0.3244444444444444)],[np.float64(0.3977777777777778)],[1],[0],[0],[1.2518978998996317],['target'],6,0,6,0,8.219958200119436,,5,8.213514900067821,8.219958200119436,8.219958200119436,0.015436500078067183,9.465525000123307,[np.float64(0.3244444444444444)],[np.float64(0.3977777777777778)],[1],[0],[0],[1.2518978998996317],['target'],participant 5,001,2025-09-30_14h00.14.836,Visual Search,,2025.1.1,60.11190436149224,2025-09-30 14h01.04.067501 +0530,
7,0,7,[np.float64(0.3972222222222222)],[np.float64(-0.1661111111111111)],[1],[0],[0],[1.2831622001249343],['target'],7,0,7,0,9.487301900051534,,5,9.481590999988839,9.487301900051534,9.487301900051534,0.01587199978530407,10.76482280017808,[np.float64(0.3972222222222222)],[np.float64(-0.1661111111111111)],[1],[0],[0],[1.2831622001249343],['target'],participant 5,001,2025-09-30_14h00.14.836,Visual Search,,2025.1.1,60.11190436149224,2025-09-30 14h01.04.067501 +0530,
8,0,8,[np.float64(0.059444444444444446)],[np.float64(-0.03277777777777778)],[1],[0],[0],[1.225036600138992],['target'],8,0,8,0,10.797022100072354,,10,10.790099800098687,10.797022100072354,10.797022100072354,0.02513399999588728,12.015245500020683,[np.float64(0.059444444444444446)],[np.float64(-0.03277777777777778)],[1],[0],[0],[1.225036600138992],['target'],participant 5,001,2025-09-30_14h00.14.836,Visual Search,,2025.1.1,60.11190436149224,2025-09-30 14h01.04.067501 +0530,
9,0,9,[np.float64(-0.41833333333333333)],[np.float64(-0.06277777777777778)],[1],[0],[0],[1.372680100146681],['target'],9,0,9,0,12.052093300037086,,10,12.044991000089794,12.052093300037086,12.052093300037086,0.02953849988989532,13.417866000207141,[np.float64(-0.41833333333333333)],[np.float64(-0.06277777777777778)],[1],[0],[0],[1.372680100146681],['target'],participant 5,001,2025-09-30_14h00.14.836,Visual Search,,2025.1.1,60.11190436149224,2025-09-30 14h01.04.067501 +0530,
10,0,10,[np.float64(0.135)],[np.float64(-0.21055555555555555)],[1],[0],[0],[1.1309750999789685],['target'],10,0,10,0,13.440402900101617,,5,13.434839500114322,13.440402900101617,13.440402900101617,0.016625700052827597,14.565919200191274,[np.float64(0.135)],[np.float64(-0.21055555555555555)],[1],[0],[0],[1.1309750999789685],['target'],participant 5,001,2025-09-30_14h00.14.836,Visual Search,,2025.1.1,60.11190436149224,2025-09-30 14h01.04.067501 +0530,
11,0,11,[np.float64(0.18)],[np.float64(0.26666666666666666)],[1],[0],[0],[0.9213346000760794],['target'],11,0,11,0,14.602397800190374,,10,14.594390399986878,14.602397800190374,14.602397800190374,0.028275500051677227,15.51584090013057,[np.float64(0.18)],[np.float64(0.26666666666666666)],[1],[0],[0],[0.9213346000760794],['target'],participant 5,001,2025-09-30_14h00.14.836,Visual Search,,2025.1.1,60.11190436149224,2025-09-30 14h01.04.067501 +0530,
12,0,12,[np.float64(0.14666666666666667)],[np.float64(-0.35)],[1],[0],[0],[1.4011238000821322],['target'],12,0,12,0,15.538984399987385,,5,15.53162720007822,15.538984399987385,15.538984399987385,0.015530599979683757,16.932857100153342,[np.float64(0.14666666666666667)],[np.float64(-0.35)],[1],[0],[0],[1.4011238000821322],['target'],participant 5,001,2025-09-30_14h00.14.836,Visual Search,,2025.1.1,60.11190436149224,2025-09-30 14h01.04.067501 +0530,
13,0,13,[np.float64(-0.0961111111111111)],[np.float64(0.45611111111111113)],[1],[0],[0],[1.4824261001776904],['target'],13,0,13,0,16.95713540003635,,5,16.950045800069347,16.95713540003635,16.95713540003635,0.017048300011083484,18.432637100107968,[np.float64(-0.0961111111111111)],[np.float64(0.45611111111111113)],[1],[0],[0],[1.4824261001776904],['target'],participant 5,001,2025-09-30_14h00.14.836,Visual Search,,2025.1.1,60.11190436149224,2025-09-30 14h01.04.067501 +0530,
14,0,14,[np.float64(-0.3327777777777778)],[np.float64(-0.27944444444444444)],[1],[0],[0],[1.2058335999026895],['target'],14,0,14,0,18.46650440013036,,10,18.459557600086555,18.46650440013036,18.46650440013036,0.02660800004377961,19.66552949999459,[np.float64(-0.3327777777777778)],[np.float64(-0.27944444444444444)],[1],[0],[0],[1.2058335999026895],['target'],participant 5,001,2025-09-30_14h00.14.836,Visual Search,,2025.1.1,60.11190436149224,2025-09-30 14h01.04.067501 +0530,
15,0,15,[np.float64(0.41388888888888886)],[np.float64(-0.2861111111111111)],[1],[0],[0],[1.4165262999013066],['target'],15,0,15,0,19.688818500144407,,5,19.68193790013902,19.688818500144407,19.688818500144407,0.016148400027304888,21.09856710000895,[np.float64(0.41388888888888886)],[np.float64(-0.2861111111111111)],[1],[0],[0],[1.4165262999013066],['target'],participant 5,001,2025-09-30_14h00.14.836,Visual Search,,2025.1.1,60.11190436149224,2025-09-30 14h01.04.067501 +0530,
16,0,16,[np.float64(0.1527777777777778)],[np.float64(-0.135)],[1],[0],[0],[1.4667388000525534],['target'],16,0,16,0,21.120928100077435,,5,21.114197100047022,21.120928100077435,21.120928100077435,0.015447100158780813,22.581002100137994,[np.float64(0.1527777777777778)],[np.float64(-0.135)],[1],[0],[0],[1.4667388000525534],['target'],participant 5,001,2025-09-30_14h00.14.836,Visual Search,,2025.1.1,60.11190436149224,2025-09-30 14h01.04.067501 +0530,
17,0,17,[np.float64(0.05333333333333334)],[np.float64(-0.355)],[1],[0],[0],[1.093792200088501],['target'],17,0,17,0,22.613472600001842,,10,22.604441200150177,22.613472600001842,22.613472600001842,0.023312699981033802,23.698330600047484,[np.float64(0.05333333333333334)],[np.float64(-0.355)],[1],[0],[0],[1.093792200088501],['target'],participant 5,001,2025-09-30_14h00.14.836,Visual Search,,2025.1.1,60.11190436149224,2025-09-30 14h01.04.067501 +0530,
18,0,18,[np.float64(0.435)],[np.float64(0.4727777777777778)],[1],[0],[0],[1.4976959999185055],['target'],18,0,18,0,23.725897900061682,,10,23.71873420011252,23.725897900061682,23.725897900061682,0.020184800028800964,25.21661220001988,[np.float64(0.435)],[np.float64(0.4727777777777778)],[1],[0],[0],[1.4976959999185055],['target'],participant 5,001,2025-09-30_14h00.14.836,Visual Search,,2025.1.1,60.11190436149224,2025-09-30 14h01.04.067501 +0530,
19,0,19,[np.float64(0.45611111111111113)],[np.float64(-0.20166666666666666)],[1],[0],[0],[1.78683239989914],['target'],19,0,19,0,25.25665230001323,,10,25.247241800185293,25.25665230001323,25.25665230001323,0.03027360001578927,27.03423300012946,[np.float64(0.45611111111111113)],[np.float64(-0.20166666666666666)],[1],[0],[0],[1.78683239989914],['target'],participant 5,001,2025-09-30_14h00.14.836,Visual Search,,2025.1.1,60.11190436149224,2025-09-30 14h01.04.067501 +0530,
20,0,20,[np.float64(-0.20444444444444446)],[np.float64(-0.3022222222222222)],[1],[0],[0],[1.665638699894771],['target'],20,0,20,0,27.056612099986523,,5,27.050420900108293,27.056612099986523,27.056612099986523,0.015863799955695868,28.716175500070676,[np.float64(-0.20444444444444446)],[np.float64(-0.3022222222222222)],[1],[0],[0],[1.665638699894771],['target'],participant 5,001,2025-09-30_14h00.14.836,Visual Search,,2025.1.1,60.11190436149224,2025-09-30 14h01.04.067501 +0530,
21,0,21,[np.float64(0.10777777777777778)],[np.float64(0.04)],[1],[0],[0],[1.5987553999293596],['target'],21,0,21,0,28.740925900172442,,5,28.732896100031212,28.740925900172442,28.740925900172442,0.016515200026333332,30.331817500060424,[np.float64(0.10777777777777778)],[np.float64(0.04)],[1],[0],[0],[1.5987553999293596],['target'],participant 5,001,2025-09-30_14h00.14.836,Visual Search,,2025.1.1,60.11190436149224,2025-09-30 14h01.04.067501 +0530,
22,0,22,[np.float64(0.10611111111111111)],[np.float64(-0.0022222222222222222)],[1],[0],[0],[0.8493900999892503],['target'],22,0,22,0,30.36457430012524,,5,30.34987570019439,30.36457430012524,30.36457430012524,0.017730799969285727,31.199370000045747,[np.float64(0.10611111111111111)],[np.float64(-0.0022222222222222222)],[1],[0],[0],[0.8493900999892503],['target'],participant 5,001,2025-09-30_14h00.14.836,Visual Search,,2025.1.1,60.11190436149224,2025-09-30 14h01.04.067501 +0530,
23,0,23,[np.float64(-0.01)],[np.float64(0.09555555555555556)],[1],[0],[0],[1.1497568998020142],['target'],23,0,23,0,31.222934700082988,,5,31.2156378000509,31.222934700082988,31.222934700082988,0.016085100127384067,32.36550100008026,[np.float64(-0.01)],[np.float64(0.09555555555555556)],[1],[0],[0],[1.1497568998020142],['target'],participant 5,001,2025-09-30_14h00.14.836,Visual Search,,2025.1.1,60.11190436149224,2025-09-30 14h01.04.067501 +0530,
24,0,24,[np.float64(0.11277777777777778)],[np.float64(0.2588888888888889)],[1],[0],[0],[1.1007784998510033],['target'],24,0,24,0,32.38832290004939,,5,32.38114620000124,32.38832290004939,32.38832290004939,0.015453299973160028,33.48202070011757,[np.float64(0.11277777777777778)],[np.float64(0.2588888888888889)],[1],[0],[0],[1.1007784998510033],['target'],participant 5,001,2025-09-30_14h00.14.836,Visual Search,,2025.1.1,60.11190436149224,2025-09-30 14h01.04.067501 +0530,
25,0,25,[np.float64(0.32611111111111113)],[np.float64(0.07166666666666667)],[1],[0],[0],[1.0454777998384088],['target'],25,0,25,0,33.51321620005183,,5,33.50240090000443,33.51321620005183,33.51321620005183,0.0202182000502944,34.5480145001784,[np.float64(0.32611111111111113)],[np.float64(0.07166666666666667)],[1],[0],[0],[1.0454777998384088],['target'],participant 5,001,2025-09-30_14h00.14.836,Visual Search,,2025.1.1,60.11190436149224,2025-09-30 14h01.04.067501 +0530,
26,0,26,[np.float64(0.2338888888888889)],[np.float64(-0.2783333333333333)],[1],[0],[0],[1.3506851999554783],['target'],26,0,26,0,34.573361300164834,,5,34.56582700018771,34.573361300164834,34.573361300164834,0.017565299989655614,35.916610800195485,[np.float64(0.2338888888888889)],[np.float64(-0.2783333333333333)],[1],[0],[0],[1.3506851999554783],['target'],participant 5,001,2025-09-30_14h00.14.836,Visual Search,,2025.1.1,60.11190436149224,2025-09-30 14h01.04.067501 +0530,
27,0,27,[np.float64(-0.14333333333333334)],[np.float64(-0.019444444444444445)],[1],[0],[0],[2.3159493000712246],['target'],27,0,27,0,35.941775400191545,,5,35.93298829998821,35.941775400191545,35.941775400191545,0.016189799876883626,38.249040300026536,[np.float64(-0.14333333333333334)],[np.float64(-0.019444444444444445)],[1],[0],[0],[2.3159493000712246],['target'],participant 5,001,2025-09-30_14h00.14.836,Visual Search,,2025.1.1,60.11190436149224,2025-09-30 14h01.04.067501 +0530,
28,0,28,[np.float64(-0.15166666666666667)],[np.float64(0.3372222222222222)],[1],[0],[0],[1.1230841998476535],['target'],28,0,28,0,38.28700410015881,,10,38.2748409002088,38.28700410015881,38.28700410015881,0.025599299930036068,39.39803330018185,[np.float64(-0.15166666666666667)],[np.float64(0.3372222222222222)],[1],[0],[0],[1.1230841998476535],['target'],participant 5,001,2025-09-30_14h00.14.836,Visual Search,,2025.1.1,60.11190436149224,2025-09-30 14h01.04.067501 +0530,
29,0,29,[np.float64(0.085)],[np.float64(-0.14944444444444444)],[1],[0],[0],[1.2986599998548627],['target'],29,0,29,0,39.42578090005554,,5,39.417033600155264,39.42578090005554,39.42578090005554,0.018805200001224875,40.71578410011716,[np.float64(0.085)],[np.float64(-0.14944444444444444)],[1],[0],[0],[1.2986599998548627],['target'],participant 5,001,2025-09-30_14h00.14.836,Visual Search,,2025.1.1,60.11190436149224,2025-09-30 14h01.04.067501 +0530,
30,0,30,[np.float64(0.31)],[np.float64(0.008333333333333333)],[1],[0],[0],[1.1540494000073522],['target'],30,0,30,0,40.754980500089005,,10,40.74444909999147,40.754980500089005,40.754980500089005,0.028480499982833862,41.89860040019266,[np.float64(0.31)],[np.float64(0.008333333333333333)],[1],[0],[0],[1.1540494000073522],['target'],participant 5,001,2025-09-30_14h00.14.836,Visual Search,,2025.1.1,60.11190436149224,2025-09-30 14h01.04.067501 +0530,
31,0,31,[np.float64(0.1922222222222222)],[np.float64(-0.4677777777777778)],[1],[0],[0],[2.0215129000134766],['target'],31,0,31,0,41.937990500126034,,10,41.927557500079274,41.937990500126034,41.937990500126034,0.02873110002838075,43.949247600045055,[np.float64(0.1922222222222222)],[np.float64(-0.4677777777777778)],[1],[0],[0],[2.0215129000134766],['target'],participant 5,001,2025-09-30_14h00.14.836,Visual Search,,2025.1.1,60.11190436149224,2025-09-30 14h01.04.067501 +0530,
32,0,32,[np.float64(0.15777777777777777)],[np.float64(-0.47444444444444445)],[1],[0],[0],[1.180962200043723],['target'],32,0,32,0,43.97687850007787,,5,43.96695929998532,43.97687850007787,43.97687850007787,0.01736290007829666,45.14801540016197,[np.float64(0.15777777777777777)],[np.float64(-0.47444444444444445)],[1],[0],[0],[1.180962200043723],['target'],participant 5,001,2025-09-30_14h00.14.836,Visual Search,,2025.1.1,60.11190436149224,2025-09-30 14h01.04.067501 +0530,
33,0,33,[np.float64(-0.4955555555555556)],[np.float64(0.375)],[1],[0],[0],[1.271168400067836],['target'],33,0,33,0,45.17992060002871,,5,45.16062410012819,45.17992060002871,45.17992060002871,0.01241279998794198,46.43190210009925,[np.float64(-0.4955555555555556)],[np.float64(0.375)],[1],[0],[0],[1.271168400067836],['target'],participant 5,001,2025-09-30_14h00.14.836,Visual Search,,2025.1.1,60.11190436149224,2025-09-30 14h01.04.067501 +0530,
34,0,34,[np.float64(0.36944444444444446)],[np.float64(-0.33166666666666667)],[1],[0],[0],[1.9831524998880923],['target'],34,0,34,0,46.45770050003193,,5,46.44817780004814,46.45770050003193,46.45770050003193,0.016088899923488498,48.431444900110364,[np.float64(0.36944444444444446)],[np.float64(-0.33166666666666667)],[1],[0],[0],[1.9831524998880923],['target'],participant 5,001,2025-09-30_14h00.14.836,Visual Search,,2025.1.1,60.11190436149224,2025-09-30 14h01.04.067501 +0530,
35,0,35,[np.float64(-0.39944444444444444)],[np.float64(-0.21777777777777776)],[1],[0],[0],[1.5216196000110358],['target'],35,0,35,0,48.468441900098696,,10,48.458318300079554,48.468441900098696,48.468441900098696,0.02665590005926788,49.98000070010312,[np.float64(-0.39944444444444444)],[np.float64(-0.21777777777777776)],[1],[0],[0],[1.5216196000110358],['target'],participant 5,001,2025-09-30_14h00.14.836,Visual Search,,2025.1.1,60.11190436149224,2025-09-30 14h01.04.067501 +0530,
36,0,36,[np.float64(0.3861111111111111)],[np.float64(0.08333333333333333)],[1],[0],[0],[1.7569551998749375],['target'],36,0,36,0,49.997960900189355,,5,49.99127250001766,49.997960900189355,49.997960900189355,0.011158599983900785,51.74832730018534,[np.float64(0.3861111111111111)],[np.float64(0.08333333333333333)],[1],[0],[0],[1.7569551998749375],['target'],participant 5,001,2025-09-30_14h00.14.836,Visual Search,,2025.1.1,60.11190436149224,2025-09-30 14h01.04.067501 +0530,
37,0,37,[np.float64(0.30833333333333335)],[np.float64(0.395)],[1],[0],[0],[1.7038614999037236],['target'],37,0,37,0,51.77018120000139,,5,51.762807100079954,51.77018120000139,51.77018120000139,0.014315800042822957,53.46683510020375,[np.float64(0.30833333333333335)],[np.float64(0.395)],[1],[0],[0],[1.7038614999037236],['target'],participant 5,001,2025-09-30_14h00.14.836,Visual Search,,2025.1.1,60.11190436149224,2025-09-30 14h01.04.067501 +0530,
38,0,38,[np.float64(-0.20944444444444443)],[np.float64(-0.11833333333333333)],[1],[0],[0],[1.6296687999274582],['target'],38,0,38,0,53.49161340016872,,5,53.4853129000403,53.49161340016872,53.49161340016872,0.01819450012408197,55.11508190003224,[np.float64(-0.20944444444444443)],[np.float64(-0.11833333333333333)],[1],[0],[0],[1.6296687999274582],['target'],participant 5,001,2025-09-30_14h00.14.836,Visual Search,,2025.1.1,60.11190436149224,2025-09-30 14h01.04.067501 +0530,
39,0,39,[np.float64(0.19333333333333333)],[np.float64(0.105)],[1],[0],[0],[1.0529713998548687],['target'],39,0,39,0,55.1562663000077,,10,55.14451210014522,55.1562663000077,55.1562663000077,0.029248900013044477,56.19759110012092,[np.float64(0.19333333333333333)],[np.float64(0.105)],[1],[0],[0],[1.0529713998548687],['target'],participant 5,001,2025-09-30_14h00.14.836,Visual Search,,2025.1.1,60.11190436149224,2025-09-30 14h01.04.067501 +0530,
40,0,40,[np.float64(0.18055555555555555)],[np.float64(-0.07555555555555556)],[1],[0],[0],[0.9908507999498397],['target'],40,0,40,0,56.23435820010491,,10,56.2242058000993,56.23435820010491,56.23435820010491,0.026373500004410744,57.2151843002066,[np.float64(0.18055555555555555)],[np.float64(-0.07555555555555556)],[1],[0],[0],[0.9908507999498397],['target'],participant 5,001,2025-09-30_14h00.14.836,Visual Search,,2025.1.1,60.11190436149224,2025-09-30 14h01.04.067501 +0530,
41,0,41,[np.float64(-0.375)],[np.float64(0.2827777777777778)],[1],[0],[0],[1.006012000143528],['target'],41,0,41,0,57.25786000001244,,10,57.24369170004502,57.25786000001244,57.25786000001244,0.028249100083485246,58.249838600168005,[np.float64(-0.375)],[np.float64(0.2827777777777778)],[1],[0],[0],[1.006012000143528],['target'],participant 5,001,2025-09-30_14h00.14.836,Visual Search,,2025.1.1,60.11190436149224,2025-09-30 14h01.04.067501 +0530,
42,0,42,[np.float64(-0.25833333333333336)],[np.float64(-0.3522222222222222)],[0],[0],[1],[1.2983409001026303],['target'],42,0,42,0,58.277199800126255,,5,58.2667916000355,58.277199800126255,58.277199800126255,0.016678899992257357,59.5652195001021,[np.float64(-0.25833333333333336)],[np.float64(-0.3522222222222222)],[0],[0],[1],[1.2983409001026303],['target'],participant 5,001,2025-09-30_14h00.14.836,Visual Search,,2025.1.1,60.11190436149224,2025-09-30 14h01.04.067501 +0530,
43,0,43,[np.float64(-0.43222222222222223)],[np.float64(0.07833333333333334)],[1],[0],[0],[1.2011736000422388],['target'],43,0,43,0,59.5875352001749,,5,59.58013890008442,59.5875352001749,59.5875352001749,0.014755900017917156,60.78141809999943,[np.float64(-0.43222222222222223)],[np.float64(0.07833333333333334)],[1],[0],[0],[1.2011736000422388],['target'],participant 5,001,2025-09-30_14h00.14.836,Visual Search,,2025.1.1,60.11190436149224,2025-09-30 14h01.04.067501 +0530,
44,0,44,[np.float64(0.05)],[np.float64(-0.37444444444444447)],[1],[0],[0],[1.6336640999652445],['target'],44,0,44,0,60.80466970009729,,5,60.797496900195256,60.80466970009729,60.80466970009729,0.015885300002992153,62.431251800153404,[np.float64(0.05)],[np.float64(-0.37444444444444447)],[1],[0],[0],[1.6336640999652445],['target'],participant 5,001,2025-09-30_14h00.14.836,Visual Search,,2025.1.1,60.11190436149224,2025-09-30 14h01.04.067501 +0530,
45,0,45,[np.float64(-0.3138888888888889)],[np.float64(0.2722222222222222)],[1],[0],[0],[2.590993900084868],['target'],45,0,45,0,62.46876050019637,,10,62.45701360004023,62.46876050019637,62.46876050019637,0.02558279992081225,65.04813600005582,[np.float64(-0.3138888888888889)],[np.float64(0.2722222222222222)],[1],[0],[0],[2.590993900084868],['target'],participant 5,001,2025-09-30_14h00.14.836,Visual Search,,2025.1.1,60.11190436149224,2025-09-30 14h01.04.067501 +0530,
46,0,46,[np.float64(0.28055555555555556)],[np.float64(-0.47)],[1],[0],[0],[1.5668615999165922],['target'],46,0,46,0,65.07137740007602,,5,65.06424350012094,65.07137740007602,65.07137740007602,0.015866799978539348,66.63121870020404,[np.float64(0.28055555555555556)],[np.float64(-0.47)],[1],[0],[0],[1.5668615999165922],['target'],participant 5,001,2025-09-30_14h00.14.836,Visual Search,,2025.1.1,60.11190436149224,2025-09-30 14h01.04.067501 +0530,
47,0,47,[np.float64(-0.4683333333333333)],[np.float64(0.027777777777777776)],[1],[0],[0],[2.955303099937737],['target'],47,0,47,0,66.6662193001248,,10,66.6587475000415,66.6662193001248,66.6662193001248,0.027303799986839294,69.61419570003636,[np.float64(-0.4683333333333333)],[np.float64(0.027777777777777776)],[1],[0],[0],[2.955303099937737],['target'],participant 5,001,2025-09-30_14h00.14.836,Visual Search,,2025.1.1,60.11190436149224,2025-09-30 14h01.04.067501 +0530,
48,0,48,[np.float64(-0.049444444444444444)],[np.float64(-0.48333333333333334)],[1],[0],[0],[1.9924914001021534],[None],48,0,48,0,69.64945930009708,,5,69.63888250011951,69.64945930009708,69.64945930009708,0.024437000043690205,71.63144560018554,[np.float64(-0.049444444444444444)],[np.float64(-0.48333333333333334)],[1],[0],[0],[1.9924914001021534],[None],participant 5,001,2025-09-30_14h00.14.836,Visual Search,,2025.1.1,60.11190436149224,2025-09-30 14h01.04.067501 +0530,
49,0,49,[np.float64(-0.35555555555555557)],[np.float64(0.051111111111111114)],[1],[0],[0],[1.450443800073117],['target'],49,0,49,0,71.6558788002003,,5,71.64678030018695,71.6558788002003,71.6558788002003,0.01516259997151792,73.09731640014797,[np.float64(-0.35555555555555557)],[np.float64(0.051111111111111114)],[1],[0],[0],[1.450443800073117],['target'],participant 5,001,2025-09-30_14h00.14.836,Visual Search,,2025.1.1,60.11190436149224,2025-09-30 14h01.04.067501 +0530,
50,0,50,[np.float64(-0.165)],[np.float64(-0.32555555555555554)],[1],[0],[0],[1.3667177001480013],['target'],50,0,50,0,73.12016350007616,,5,73.11447700019926,73.12016350007616,73.12016350007616,0.01699390006251633,74.48129590018652,[np.float64(-0.165)],[np.float64(-0.32555555555555554)],[1],[0],[0],[1.3667177001480013],['target'],participant 5,001,2025-09-30_14h00.14.836,Visual Search,,2025.1.1,60.11190436149224,2025-09-30 14h01.04.067501 +0530,
51,0,51,[np.float64(0.31777777777777777)],[np.float64(0.2411111111111111)],[1],[0],[0],[2.1001005000434816],['target'],51,0,51,0,74.50355750019662,,5,74.49676000000909,74.50355750019662,74.50355750019662,0.015294200042262673,76.59692440018989,[np.float64(0.31777777777777777)],[np.float64(0.2411111111111111)],[1],[0],[0],[2.1001005000434816],['target'],participant 5,001,2025-09-30_14h00.14.836,Visual Search,,2025.1.1,60.11190436149224,2025-09-30 14h01.04.067501 +0530,
52,0,52,[np.float64(0.4766666666666667)],[np.float64(-0.035555555555555556)],[1],[0],[0],[1.1858316999860108],['target'],52,0,52,0,76.61943170009181,,5,76.61164840008132,76.61943170009181,76.61943170009181,0.014607099816203117,77.79758930020034,[np.float64(0.4766666666666667)],[np.float64(-0.035555555555555556)],[1],[0],[0],[1.1858316999860108],['target'],participant 5,001,2025-09-30_14h00.14.836,Visual Search,,2025.1.1,60.11190436149224,2025-09-30 14h01.04.067501 +0530,
53,0,53,[np.float64(-0.435)],[np.float64(0.11333333333333333)],[1],[0],[0],[1.904161399928853],['target'],53,0,53,0,77.83737490000203,,10,77.82751760003157,77.83737490000203,77.83737490000203,0.029735499992966652,79.73179530003108,[np.float64(-0.435)],[np.float64(0.11333333333333333)],[1],[0],[0],[1.904161399928853],['target'],participant 5,001,2025-09-30_14h00.14.836,Visual Search,,2025.1.1,60.11190436149224,2025-09-30 14h01.04.067501 +0530,
54,0,54,[np.float64(0.24888888888888888)],[np.float64(0.19833333333333333)],[1],[0],[0],[1.134051099885255],['target'],54,0,54,0,79.75464870012365,,5,79.74756350019015,79.75464870012365,79.75464870012365,0.015524900052696466,80.88170630019158,[np.float64(0.24888888888888888)],[np.float64(0.19833333333333333)],[1],[0],[0],[1.134051099885255],['target'],participant 5,001,2025-09-30_14h00.14.836,Visual Search,,2025.1.1,60.11190436149224,2025-09-30 14h01.04.067501 +0530,
55,0,55,[np.float64(0.3038888888888889)],[np.float64(0.10888888888888888)],[1],[0],[0],[0.9115289999172091],[None],55,0,55,0,80.91243110015057,,10,80.90172090008855,80.91243110015057,80.91243110015057,0.019846600014716387,81.81337470002472,[np.float64(0.3038888888888889)],[np.float64(0.10888888888888888)],[1],[0],[0],[0.9115289999172091],[None],participant 5,001,2025-09-30_14h00.14.836,Visual Search,,2025.1.1,60.11190436149224,2025-09-30 14h01.04.067501 +0530,
56,0,56,[np.float64(-0.4672222222222222)],[np.float64(-0.07944444444444444)],[1],[0],[0],[2.0880438999738544],['target'],56,0,56,0,81.84967420017347,,10,81.84233390004374,81.84967420017347,81.84967420017347,0.028681800002232194,83.930448200088,[np.float64(-0.4672222222222222)],[np.float64(-0.07944444444444444)],[1],[0],[0],[2.0880438999738544],['target'],participant 5,001,2025-09-30_14h00.14.836,Visual Search,,2025.1.1,60.11190436149224,2025-09-30 14h01.04.067501 +0530,
57,0,57,[np.float64(-0.20777777777777778)],[np.float64(-0.15944444444444444)],[1],[0],[0],[2.137124100001529],['target'],57,0,57,0,83.94812050019391,,5,83.94291710015386,83.94812050019391,83.94812050019391,0.012259300099685788,86.08016080013476,[np.float64(-0.20777777777777778)],[np.float64(-0.15944444444444444)],[1],[0],[0],[2.137124100001529],['target'],participant 5,001,2025-09-30_14h00.14.836,Visual Search,,2025.1.1,60.11190436149224,2025-09-30 14h01.04.067501 +0530,
58,0,58,[np.float64(0.08722222222222223)],[np.float64(0.4766666666666667)],[1],[0],[0],[1.8280106999445707],['target'],58,0,58,0,86.10988110001199,,10,86.10231920005754,86.10988110001199,86.10988110001199,0.02195279998704791,87.93043210008182,[np.float64(0.08722222222222223)],[np.float64(0.4766666666666667)],[1],[0],[0],[1.8280106999445707],['target'],participant 5,001,2025-09-30_14h00.14.836,Visual Search,,2025.1.1,60.11190436149224,2025-09-30 14h01.04.067501 +0530,
59,0,59,[np.float64(-0.20222222222222222)],[np.float64(0.3522222222222222)],[1],[0],[0],[1.2187731999438256],['target'],59,0,59,0,87.95188240008429,,5,87.94579730019905,87.95188240008429,87.95188240008429,0.015172200044617057,89.16468050004914,[np.float64(-0.20222222222222222)],[np.float64(0.3522222222222222)],[1],[0],[0],[1.2187731999438256],['target'],participant 5,001,2025-09-30_14h00.14.836,Visual Search,,2025.1.1,60.11190436149224,2025-09-30 14h01.04.067501 +0530,
60,0,60,[np.float64(0.1238888888888889)],[np.float64(-0.2738888888888889)],[1],[0],[0],[1.3485912999603897],['target'],60,0,60,0,89.18858120008372,,5,89.18155940016732,89.18858120008372,89.18858120008372,0.01669889991171658,90.53021160000935,[np.float64(0.1238888888888889)],[np.float64(-0.2738888888888889)],[1],[0],[0],[1.3485912999603897],['target'],participant 5,001,2025-09-30_14h00.14.836,Visual Search,,2025.1.1,60.11190436149224,2025-09-30 14h01.04.067501 +0530,
61,0,61,[np.float64(0.3888888888888889)],[np.float64(-0.057777777777777775)],[1],[0],[0],[1.3578147999942303],['target'],61,0,61,0,90.54543310008012,,5,90.5400659001898,90.54543310008012,90.54543310008012,0.009743799921125174,91.89798850007355,[np.float64(0.3888888888888889)],[np.float64(-0.057777777777777775)],[1],[0],[0],[1.3578147999942303],['target'],participant 5,001,2025-09-30_14h00.14.836,Visual Search,,2025.1.1,60.11190436149224,2025-09-30 14h01.04.067501 +0530,
62,0,62,[np.float64(-0.39166666666666666)],[np.float64(-0.43444444444444447)],[1],[0],[0],[2.117171300109476],['target'],62,0,62,0,91.92030770005658,,5,91.91312210005708,91.92030770005658,91.92030770005658,0.014961499953642488,94.03039550012909,[np.float64(-0.39166666666666666)],[np.float64(-0.43444444444444447)],[1],[0],[0],[2.117171300109476],['target'],participant 5,001,2025-09-30_14h00.14.836,Visual Search,,2025.1.1,60.11190436149224,2025-09-30 14h01.04.067501 +0530,
63,0,63,[np.float64(0.155)],[np.float64(0.11833333333333333)],[1],[0],[0],[1.9185961000621319],['target'],63,0,63,0,94.05319520016201,,5,94.04552010004409,94.05319520016201,94.05319520016201,0.014929499942809343,95.96423150016926,[np.float64(0.155)],[np.float64(0.11833333333333333)],[1],[0],[0],[1.9185961000621319],['target'],participant 5,001,2025-09-30_14h00.14.836,Visual Search,,2025.1.1,60.11190436149224,2025-09-30 14h01.04.067501 +0530,
64,0,64,[np.float64(-0.09222222222222222)],[np.float64(0.4588888888888889)],[1],[0],[0],[1.2842421000823379],['target'],64,0,64,0,96.00474910018966,,10,95.99720470001921,96.00474910018966,96.00474910018966,0.032800199929624796,97.28165390016511,[np.float64(-0.09222222222222222)],[np.float64(0.4588888888888889)],[1],[0],[0],[1.2842421000823379],['target'],participant 5,001,2025-09-30_14h00.14.836,Visual Search,,2025.1.1,60.11190436149224,2025-09-30 14h01.04.067501 +0530,
65,0,65,[np.float64(0.35388888888888886)],[np.float64(-0.2538888888888889)],[1],[0],[0],[2.1217024999205023],['target'],65,0,65,0,97.31809430010617,,10,97.30939050018787,97.31809430010617,97.31809430010617,0.02735179988667369,99.43120050011203,[np.float64(0.35388888888888886)],[np.float64(-0.2538888888888889)],[1],[0],[0],[2.1217024999205023],['target'],participant 5,001,2025-09-30_14h00.14.836,Visual Search,,2025.1.1,60.11190436149224,2025-09-30 14h01.04.067501 +0530,
66,0,66,[np.float64(-0.25555555555555554)],[np.float64(-0.38055555555555554)],[1],[0],[0],[2.50138369994238],['target'],66,0,66,0,99.45383950020187,,5,99.44643730018288,99.45383950020187,99.45383950020187,0.015028900001198053,101.94791640015319,[np.float64(-0.25555555555555554)],[np.float64(-0.38055555555555554)],[1],[0],[0],[2.50138369994238],['target'],participant 5,001,2025-09-30_14h00.14.836,Visual Search,,2025.1.1,60.11190436149224,2025-09-30 14h01.04.067501 +0530,
67,0,67,[np.float64(-0.31555555555555553)],[np.float64(-0.30444444444444446)],[1],[0],[0],[0.9071295999456197],['target'],67,0,67,0,101.98105440009385,,10,101.97377460007556,101.98105440009385,101.98105440009385,0.025673299795016646,102.88102920004167,[np.float64(-0.31555555555555553)],[np.float64(-0.30444444444444446)],[1],[0],[0],[0.9071295999456197],['target'],participant 5,001,2025-09-30_14h00.14.836,Visual Search,,2025.1.1,60.11190436149224,2025-09-30 14h01.04.067501 +0530,
68,0,68,[np.float64(0.2127777777777778)],[np.float64(-0.30722222222222223)],[1],[0],[0],[1.6202030000276864],['target'],68,0,68,0,102.9207814000547,,10,102.91060230019502,102.9207814000547,102.9207814000547,0.029326700139790773,104.53089850000106,[np.float64(0.2127777777777778)],[np.float64(-0.30722222222222223)],[1],[0],[0],[1.6202030000276864],['target'],participant 5,001,2025-09-30_14h00.14.836,Visual Search,,2025.1.1,60.11190436149224,2025-09-30 14h01.04.067501 +0530,
69,0,69,[np.float64(-0.2088888888888889)],[np.float64(-0.006666666666666667)],[1],[0],[0],[1.602342100115493],['target'],69,0,69,0,104.55225570010953,,5,104.54578040004708,104.55225570010953,104.55225570010953,0.014675999991595745,106.1482277000323,[np.float64(-0.2088888888888889)],[np.float64(-0.006666666666666667)],[1],[0],[0],[1.602342100115493],['target'],participant 5,001,2025-09-30_14h00.14.836,Visual Search,,2025.1.1,60.11190436149224,2025-09-30 14h01.04.067501 +0530,
70,0,70,[np.float64(-0.37777777777777777)],[np.float64(0.013333333333333334)],[1],[0],[0],[1.0547944998834282],['target'],70,0,70,0,106.18411849997938,,10,106.17614020011388,106.18411849997938,106.18411849997938,0.02771200006827712,107.23104510013945,[np.float64(-0.37777777777777777)],[np.float64(0.013333333333333334)],[1],[0],[0],[1.0547944998834282],['target'],participant 5,001,2025-09-30_14h00.14.836,Visual Search,,2025.1.1,60.11190436149224,2025-09-30 14h01.04.067501 +0530,
71,0,71,[np.float64(0.06055555555555556)],[np.float64(0.3011111111111111)],[1],[0],[0],[1.2349743000231683],['target'],71,0,71,0,107.2524722001981,,5,107.24637130019255,107.2524722001981,107.2524722001981,0.015019400045275688,108.4814544999972,[np.float64(0.06055555555555556)],[np.float64(0.3011111111111111)],[1],[0],[0],[1.2349743000231683],['target'],participant 5,001,2025-09-30_14h00.14.836,Visual Search,,2025.1.1,60.11190436149224,2025-09-30 14h01.04.067501 +0530,
72,0,72,[np.float64(-0.4033333333333333)],[np.float64(0.15555555555555556)],[1],[0],[0],[1.265936499927193],['target'],72,0,72,0,108.50544960005209,,5,108.49806500016712,108.50544960005209,108.50544960005209,0.01641500019468367,109.76409350009635,[np.float64(-0.4033333333333333)],[np.float64(0.15555555555555556)],[1],[0],[0],[1.265936499927193],['target'],participant 5,001,2025-09-30_14h00.14.836,Visual Search,,2025.1.1,60.11190436149224,2025-09-30 14h01.04.067501 +0530,
73,0,73,[np.float64(0.235)],[np.float64(0.13055555555555556)],[1],[0],[0],[1.4317832000087947],['target'],73,0,73,0,109.7882677000016,,5,109.78115970012732,109.7882677000016,109.7882677000016,0.01688729994930327,111.21299660019577,[np.float64(0.235)],[np.float64(0.13055555555555556)],[1],[0],[0],[1.4317832000087947],['target'],participant 5,001,2025-09-30_14h00.14.836,Visual Search,,2025.1.1,60.11190436149224,2025-09-30 14h01.04.067501 +0530,
74,0,74,[np.float64(-0.1988888888888889)],[np.float64(0.24666666666666667)],[1],[0],[0],[1.2383114001713693],['target'],74,0,74,0,111.23430540016852,,5,111.22677420009859,111.23430540016852,111.23430540016852,0.013705400051549077,112.46520230011083,[np.float64(-0.1988888888888889)],[np.float64(0.24666666666666667)],[1],[0],[0],[1.2383114001713693],['target'],participant 5,001,2025-09-30_14h00.14.836,Visual Search,,2025.1.1,60.11190436149224,2025-09-30 14h01.04.067501 +0530,
75,0,75,[np.float64(0.3322222222222222)],[np.float64(-0.05444444444444444)],[1],[0],[0],[1.4315504999831319],['target'],75,0,75,0,112.49001020006835,,5,112.48179420013912,112.49001020006835,112.49001020006835,0.01636249991133809,113.91345980018377,[np.float64(0.3322222222222222)],[np.float64(-0.05444444444444444)],[1],[0],[0],[1.4315504999831319],['target'],participant 5,001,2025-09-30_14h00.14.836,Visual Search,,2025.1.1,60.11190436149224,2025-09-30 14h01.04.067501 +0530,
76,0,76,[np.float64(-0.42444444444444446)],[np.float64(-0.24222222222222223)],[1],[0],[0],[1.0679667999502271],['target'],76,0,76,0,113.93758910009637,,5,113.93011000007391,113.93758910009637,113.93758910009637,0.01645200001075864,114.99816790013574,[np.float64(-0.42444444444444446)],[np.float64(-0.24222222222222223)],[1],[0],[0],[1.0679667999502271],['target'],participant 5,001,2025-09-30_14h00.14.836,Visual Search,,2025.1.1,60.11190436149224,2025-09-30 14h01.04.067501 +0530,
77,0,77,[np.float64(0.25222222222222224)],[np.float64(-0.07055555555555555)],[1],[0],[0],[1.3399129000026733],['target'],77,0,77,0,115.03343440010212,,10,115.02433100016788,115.03343440010212,115.03343440010212,0.025984999956563115,116.36436020000838,[np.float64(0.25222222222222224)],[np.float64(-0.07055555555555555)],[1],[0],[0],[1.3399129000026733],['target'],participant 5,001,2025-09-30_14h00.14.836,Visual Search,,2025.1.1,60.11190436149224,2025-09-30 14h01.04.067501 +0530,
78,0,78,[np.float64(-0.29833333333333334)],[np.float64(0.09777777777777778)],[1],[0],[0],[0.9999752999283373],['target'],78,0,78,0,116.38829660019837,,5,116.37974370014854,116.38829660019837,116.38829660019837,0.015152700012549758,117.37977240001783,[np.float64(-0.29833333333333334)],[np.float64(0.09777777777777778)],[1],[0],[0],[0.9999752999283373],['target'],participant 5,001,2025-09-30_14h00.14.836,Visual Search,,2025.1.1,60.11190436149224,2025-09-30 14h01.04.067501 +0530,
79,0,79,[np.float64(-0.32666666666666666)],[np.float64(-0.4211111111111111)],[1],[0],[0],[1.2348428000696003],['target'],79,0,79,0,117.40414050011896,,5,117.39655780000612,117.40414050011896,117.40414050011896,0.01669909991323948,118.6315991000738,[np.float64(-0.32666666666666666)],[np.float64(-0.4211111111111111)],[1],[0],[0],[1.2348428000696003],['target'],participant 5,001,2025-09-30_14h00.14.836,Visual Search,,2025.1.1,60.11190436149224,2025-09-30 14h01.04.067501 +0530,
80,0,80,[np.float64(0.2)],[np.float64(-0.38055555555555554)],[1],[0],[0],[1.2988197000231594],['target'],80,0,80,0,118.65569250006229,,5,118.6484471000731,118.65569250006229,118.65569250006229,0.016509199980646372,119.9473666001577,[np.float64(0.2)],[np.float64(-0.38055555555555554)],[1],[0],[0],[1.2988197000231594],['target'],participant 5,001,2025-09-30_14h00.14.836,Visual Search,,2025.1.1,60.11190436149224,2025-09-30 14h01.04.067501 +0530,
81,0,81,[np.float64(0.15166666666666667)],[np.float64(0.16)],[1],[0],[0],[1.2361649998929352],['target'],81,0,81,0,119.98829790018499,,10,119.97722480003722,119.98829790018499,119.98829790018499,0.02967889979481697,121.2134609001223,[np.float64(0.15166666666666667)],[np.float64(0.16)],[1],[0],[0],[1.2361649998929352],['target'],participant 5,001,2025-09-30_14h00.14.836,Visual Search,,2025.1.1,60.11190436149224,2025-09-30 14h01.04.067501 +0530,
82,0,82,[np.float64(0.2238888888888889)],[np.float64(0.2411111111111111)],[1],[0],[0],[1.382416799897328],['target'],82,0,82,0,121.2392766000703,,10,121.23199360002764,121.2392766000703,121.2392766000703,0.018323900178074837,122.61451500002295,[np.float64(0.2238888888888889)],[np.float64(0.2411111111111111)],[1],[0],[0],[1.382416799897328],['target'],participant 5,001,2025-09-30_14h00.14.836,Visual Search,,2025.1.1,60.11190436149224,2025-09-30 14h01.04.067501 +0530,
83,0,83,[np.float64(-0.011111111111111112)],[np.float64(-0.46055555555555555)],[1],[0],[0],[1.6012641000561416],['target'],83,0,83,0,122.63640710012987,,5,122.62947729998268,122.63640710012987,122.63640710012987,0.01475990004837513,124.23084800015204,[np.float64(-0.011111111111111112)],[np.float64(-0.46055555555555555)],[1],[0],[0],[1.6012641000561416],['target'],participant 5,001,2025-09-30_14h00.14.836,Visual Search,,2025.1.1,60.11190436149224,2025-09-30 14h01.04.067501 +0530,
84,0,84,[np.float64(-0.017222222222222222)],[np.float64(0.32666666666666666)],[1],[0],[0],[1.4332010999787599],['target'],84,0,84,0,124.25256650010124,,5,124.24597980012186,124.25256650010124,124.25256650010124,0.014941599918529391,125.67928809998557,[np.float64(-0.017222222222222222)],[np.float64(0.32666666666666666)],[1],[0],[0],[1.4332010999787599],['target'],participant 5,001,2025-09-30_14h00.14.836,Visual Search,,2025.1.1,60.11190436149224,2025-09-30 14h01.04.067501 +0530,
85,0,85,[np.float64(-0.08222222222222222)],[np.float64(0.12277777777777778)],[1],[0],[0],[1.256457299925387],['target'],85,0,85,0,125.71788550005294,,10,125.70655700005591,125.71788550005294,125.71788550005294,0.027120100101456046,126.9631031001918,[np.float64(-0.08222222222222222)],[np.float64(0.12277777777777778)],[1],[0],[0],[1.256457299925387],['target'],participant 5,001,2025-09-30_14h00.14.836,Visual Search,,2025.1.1,60.11190436149224,2025-09-30 14h01.04.067501 +0530,
86,0,86,[np.float64(-0.2111111111111111)],[np.float64(0.31055555555555553)],[1],[0],[0],[1.0401951000094414],['target'],86,0,86,0,126.99745999998413,,10,126.99025750020519,126.99745999998413,126.99745999998413,0.0269486999604851,128.0305644001346,[np.float64(-0.2111111111111111)],[np.float64(0.31055555555555553)],[1],[0],[0],[1.0401951000094414],['target'],participant 5,001,2025-09-30_14h00.14.836,Visual Search,,2025.1.1,60.11190436149224,2025-09-30 14h01.04.067501 +0530,
87,0,87,[np.float64(0.31722222222222224)],[np.float64(-0.08)],[1],[0],[0],[1.2004859000444412],['target'],87,0,87,0,128.0538402001839,,5,128.04679340007715,128.0538402001839,128.0538402001839,0.016019499860703945,129.24737480003387,[np.float64(0.31722222222222224)],[np.float64(-0.08)],[1],[0],[0],[1.2004859000444412],['target'],participant 5,001,2025-09-30_14h00.14.836,Visual Search,,2025.1.1,60.11190436149224,2025-09-30 14h01.04.067501 +0530,
88,0,88,[np.float64(0.14666666666666667)],[np.float64(-0.20444444444444446)],[1],[0],[0],[1.2519698000978678],['target'],88,0,88,0,129.26912090019323,,5,129.26213140017353,129.26912090019323,129.26912090019323,0.014587099896743894,130.51419850019738,[np.float64(0.14666666666666667)],[np.float64(-0.20444444444444446)],[1],[0],[0],[1.2519698000978678],['target'],participant 5,001,2025-09-30_14h00.14.836,Visual Search,,2025.1.1,60.11190436149224,2025-09-30 14h01.04.067501 +0530,
89,0,89,[np.float64(-0.39166666666666666)],[np.float64(0.1438888888888889)],[1],[0],[0],[1.3041185999754816],['target'],89,0,89,0,130.55284040002152,,10,130.54281180002727,130.55284040002152,130.55284040002152,0.028440100140869617,131.84703350020573,[np.float64(-0.39166666666666666)],[np.float64(0.1438888888888889)],[1],[0],[0],[1.3041185999754816],['target'],participant 5,001,2025-09-30_14h00.14.836,Visual Search,,2025.1.1,60.11190436149224,2025-09-30 14h01.04.067501 +0530,
90,0,90,[np.float64(-0.31055555555555553)],[np.float64(0.22166666666666668)],[1],[0],[0],[1.269017699873075],[None],90,0,90,0,131.86682540015317,,5,131.8617946000304,131.86682540015317,131.86682540015317,0.014541300013661385,133.13093640003353,[np.float64(-0.31055555555555553)],[np.float64(0.22166666666666668)],[1],[0],[0],[1.269017699873075],[None],participant 5,001,2025-09-30_14h00.14.836,Visual Search,,2025.1.1,60.11190436149224,2025-09-30 14h01.04.067501 +0530,
91,0,91,[np.float64(0.44666666666666666)],[np.float64(-0.08444444444444445)],[1],[0],[0],[1.765424899989739],[None],91,0,91,0,133.15559810004197,,5,133.14757969998755,133.15559810004197,133.15559810004197,0.016466900007799268,134.91310800006613,[np.float64(0.44666666666666666)],[np.float64(-0.08444444444444445)],[1],[0],[0],[1.765424899989739],[None],participant 5,001,2025-09-30_14h00.14.836,Visual Search,,2025.1.1,60.11190436149224,2025-09-30 14h01.04.067501 +0530,
92,0,92,[np.float64(0.3522222222222222)],[np.float64(-0.11666666666666667)],[1],[0],[0],[1.1509846998378634],[None],92,0,92,0,134.9361394001171,,5,134.92927810014226,134.9361394001171,134.9361394001171,0.015993400011211634,136.08036370016634,[np.float64(0.3522222222222222)],[np.float64(-0.11666666666666667)],[1],[0],[0],[1.1509846998378634],[None],participant 5,001,2025-09-30_14h00.14.836,Visual Search,,2025.1.1,60.11190436149224,2025-09-30 14h01.04.067501 +0530,
93,0,93,[np.float64(0.22666666666666666)],[np.float64(-0.30777777777777776)],[1],[0],[0],[1.1039774999953806],['target'],93,0,93,0,136.11828440008685,,10,136.10868930001743,136.11828440008685,136.11828440008685,0.028140499955043197,137.2127592000179,[np.float64(0.22666666666666666)],[np.float64(-0.30777777777777776)],[1],[0],[0],[1.1039774999953806],['target'],participant 5,001,2025-09-30_14h00.14.836,Visual Search,,2025.1.1,60.11190436149224,2025-09-30 14h01.04.067501 +0530,
94,0,94,[np.float64(-0.21388888888888888)],[np.float64(0.022222222222222223)],[1],[0],[0],[1.2185125998221338],['target'],94,0,94,0,137.23294680006802,,5,137.22768690017983,137.23294680006802,137.23294680006802,0.014732599956914783,138.44629510003142,[np.float64(-0.21388888888888888)],[np.float64(0.022222222222222223)],[1],[0],[0],[1.2185125998221338],['target'],participant 5,001,2025-09-30_14h00.14.836,Visual Search,,2025.1.1,60.11190436149224,2025-09-30 14h01.04.067501 +0530,
95,0,95,[np.float64(0.4338888888888889)],[np.float64(-0.355)],[1],[0],[0],[1.5773874998558313],['target'],95,0,95,0,138.47669770009816,,10,138.4693482001312,138.47669770009816,138.47669770009816,0.022881600074470043,140.04683200013824,[np.float64(0.4338888888888889)],[np.float64(-0.355)],[1],[0],[0],[1.5773874998558313],['target'],participant 5,001,2025-09-30_14h00.14.836,Visual Search,,2025.1.1,60.11190436149224,2025-09-30 14h01.04.067501 +0530,
96,0,96,[np.float64(0.23944444444444443)],[np.float64(-0.4461111111111111)],[1],[0],[0],[1.5174644999206066],['target'],96,0,96,0,140.0687542001251,,5,140.06212240015157,140.0687542001251,140.0687542001251,0.015094599919393659,141.579656700138,[np.float64(0.23944444444444443)],[np.float64(-0.4461111111111111)],[1],[0],[0],[1.5174644999206066],['target'],participant 5,001,2025-09-30_14h00.14.836,Visual Search,,2025.1.1,60.11190436149224,2025-09-30 14h01.04.067501 +0530,
97,0,97,[np.float64(-0.14222222222222222)],[np.float64(0.23666666666666666)],[1],[0],[0],[1.2939589999150485],['target'],97,0,97,0,141.6116803002078,,10,141.60359370009974,141.6116803002078,141.6116803002078,0.02379760006442666,142.89766840008087,[np.float64(-0.14222222222222222)],[np.float64(0.23666666666666666)],[1],[0],[0],[1.2939589999150485],['target'],participant 5,001,2025-09-30_14h00.14.836,Visual Search,,2025.1.1,60.11190436149224,2025-09-30 14h01.04.067501 +0530,
98,0,98,[np.float64(-0.04055555555555555)],[np.float64(0.2338888888888889)],[1],[0],[0],[1.016233199974522],['target'],98,0,98,0,142.9208244001493,,5,142.9134945999831,142.9208244001493,142.9208244001493,0.015582999913021922,143.92982610012405,[np.float64(-0.04055555555555555)],[np.float64(0.2338888888888889)],[1],[0],[0],[1.016233199974522],['target'],participant 5,001,2025-09-30_14h00.14.836,Visual Search,,2025.1.1,60.11190436149224,2025-09-30 14h01.04.067501 +0530,
99,0,99,[np.float64(-0.4583333333333333)],[np.float64(-0.17944444444444443)],[1],[0],[0],[1.3396313998382539],['target'],99,0,99,0,143.96692380006425,,10,143.9557604000438,143.96692380006425,143.96692380006425,0.02573600015603006,145.2954474000726,[np.float64(-0.4583333333333333)],[np.float64(-0.17944444444444443)],[1],[0],[0],[1.3396313998382539],['target'],participant 5,001,2025-09-30_14h00.14.836,Visual Search,,2025.1.1,60.11190436149224,2025-09-30 14h01.04.067501 +0530,
100,0,100,[np.float64(0.1761111111111111)],[np.float64(0.26)],[1],[0],[0],[1.3065830001141876],['target'],100,0,100,0,145.31472880020738,,5,145.30680440017022,145.31472880020738,145.31472880020738,0.011246399953961372,146.61349690007046,[np.float64(0.1761111111111111)],[np.float64(0.26)],[1],[0],[0],[1.3065830001141876],['target'],participant 5,001,2025-09-30_14h00.14.836,Visual Search,,2025.1.1,60.11190436149224,2025-09-30 14h01.04.067501 +0530,
101,0,101,[np.float64(-0.23166666666666666)],[np.float64(-0.4088888888888889)],[1],[0],[0],[2.0698694000020623],['target'],101,0,101,0,146.63693190016784,,5,146.62844330002554,146.63693190016784,146.63693190016784,0.014800299890339375,148.69849370000884,[np.float64(-0.23166666666666666)],[np.float64(-0.4088888888888889)],[1],[0],[0],[2.0698694000020623],['target'],participant 5,001,2025-09-30_14h00.14.836,Visual Search,,2025.1.1,60.11190436149224,2025-09-30 14h01.04.067501 +0530,
102,0,102,[np.float64(-0.405)],[np.float64(-0.3388888888888889)],[1],[0],[0],[1.2632548999972641],['target'],102,0,102,0,148.72356500010937,,5,148.7163232001476,148.72356500010937,148.72356500010937,0.01757030002772808,149.97967570018955,[np.float64(-0.405)],[np.float64(-0.3388888888888889)],[1],[0],[0],[1.2632548999972641],['target'],participant 5,001,2025-09-30_14h00.14.836,Visual Search,,2025.1.1,60.11190436149224,2025-09-30 14h01.04.067501 +0530,
103,0,103,[np.float64(-0.3622222222222222)],[np.float64(0.22333333333333333)],[1],[0],[0],[1.071318499976769],['target'],103,0,103,0,150.01764450012706,,10,150.00787420012057,150.01764450012706,150.01764450012706,0.02800379996187985,151.0792779000476,[np.float64(-0.3622222222222222)],[np.float64(0.22333333333333333)],[1],[0],[0],[1.071318499976769],['target'],participant 5,001,2025-09-30_14h00.14.836,Visual Search,,2025.1.1,60.11190436149224,2025-09-30 14h01.04.067501 +0530,
104,0,104,[np.float64(0.1661111111111111)],[np.float64(0.2683333333333333)],[1],[0],[0],[1.4101011001039296],['target'],104,0,104,0,151.11457600002177,,10,151.1040748001542,151.11457600002177,151.11457600002177,0.02463630004785955,152.51430250005797,[np.float64(0.1661111111111111)],[np.float64(0.2683333333333333)],[1],[0],[0],[1.4101011001039296],['target'],participant 5,001,2025-09-30_14h00.14.836,Visual Search,,2025.1.1,60.11190436149224,2025-09-30 14h01.04.067501 +0530,
105,0,105,[np.float64(0.3838888888888889)],[np.float64(-0.2127777777777778)],[1],[0],[0],[1.27215850003995],['target'],105,0,105,0,152.54877810017206,,10,152.54125070013106,152.54877810017206,152.54877810017206,0.026712799910455942,153.8135101001244,[np.float64(0.3838888888888889)],[np.float64(-0.2127777777777778)],[1],[0],[0],[1.27215850003995],['target'],participant 5,001,2025-09-30_14h00.14.836,Visual Search,,2025.1.1,60.11190436149224,2025-09-30 14h01.04.067501 +0530,
106,0,106,[np.float64(0.030555555555555555)],[np.float64(-0.14944444444444444)],[1],[0],[0],[1.2714833000209183],['target'],106,0,106,0,153.85456980019808,,10,153.8403398001101,153.85456980019808,153.85456980019808,0.026623500045388937,155.11188240000047,[np.float64(0.030555555555555555)],[np.float64(-0.14944444444444444)],[1],[0],[0],[1.2714833000209183],['target'],participant 5,001,2025-09-30_14h00.14.836,Visual Search,,2025.1.1,60.11190436149224,2025-09-30 14h01.04.067501 +0530,
107,0,107,[np.float64(-0.3005555555555556)],[np.float64(-0.3811111111111111)],[1],[0],[0],[1.8661946998909116],['target'],107,0,107,0,155.14107170002535,,10,155.13126599998213,155.14107170002535,155.14107170002535,0.01926520001143217,156.9975765000563,[np.float64(-0.3005555555555556)],[np.float64(-0.3811111111111111)],[1],[0],[0],[1.8661946998909116],['target'],participant 5,001,2025-09-30_14h00.14.836,Visual Search,,2025.1.1,60.11190436149224,2025-09-30 14h01.04.067501 +0530,
108,0,108,[np.float64(0.07777777777777778)],[np.float64(0.4572222222222222)],[1],[0],[0],[1.737267600139603],['target'],108,0,108,0,157.0386064001359,,10,157.0261700002011,157.0386064001359,157.0386064001359,0.028352099936455488,158.76354430010542,[np.float64(0.07777777777777778)],[np.float64(0.4572222222222222)],[1],[0],[0],[1.737267600139603],['target'],participant 5,001,2025-09-30_14h00.14.836,Visual Search,,2025.1.1,60.11190436149224,2025-09-30 14h01.04.067501 +0530,
109,0,109,[np.float64(0.049444444444444444)],[np.float64(0.48944444444444446)],[1],[0],[0],[2.122850000159815],['target'],109,0,109,0,158.77974640019238,,5,158.77455490012653,158.77974640019238,158.77974640019238,0.010776499984785914,160.8975320002064,[np.float64(0.049444444444444444)],[np.float64(0.48944444444444446)],[1],[0],[0],[2.122850000159815],['target'],participant 5,001,2025-09-30_14h00.14.836,Visual Search,,2025.1.1,60.11190436149224,2025-09-30 14h01.04.067501 +0530,
110,0,110,[np.float64(-0.4922222222222222)],[np.float64(-0.35888888888888887)],[1],[0],[0],[1.3499880998861045],['target'],110,0,110,0,160.92924120021053,,5,160.91366920014843,160.92924120021053,160.92924120021053,0.015957399969920516,162.2637568002101,[np.float64(-0.4922222222222222)],[np.float64(-0.35888888888888887)],[1],[0],[0],[1.3499880998861045],['target'],participant 5,001,2025-09-30_14h00.14.836,Visual Search,,2025.1.1,60.11190436149224,2025-09-30 14h01.04.067501 +0530,
111,0,111,[np.float64(-0.06388888888888888)],[np.float64(0.09388888888888888)],[1],[0],[0],[1.2225919999182224],['target'],111,0,111,0,162.30034289998002,,10,162.29054479999468,162.30034289998002,162.30034289998002,0.026597300078719854,163.51323730009608,[np.float64(-0.06388888888888888)],[np.float64(0.09388888888888888)],[1],[0],[0],[1.2225919999182224],['target'],participant 5,001,2025-09-30_14h00.14.836,Visual Search,,2025.1.1,60.11190436149224,2025-09-30 14h01.04.067501 +0530,
112,0,112,[np.float64(-0.058333333333333334)],[np.float64(-0.4066666666666667)],[1],[0],[0],[1.6353599999565631],['target'],112,0,112,0,163.53495770017616,,5,163.52831830014475,163.53495770017616,163.53495770017616,0.014871799852699041,165.16377059998922,[np.float64(-0.058333333333333334)],[np.float64(-0.4066666666666667)],[1],[0],[0],[1.6353599999565631],['target'],participant 5,001,2025-09-30_14h00.14.836,Visual Search,,2025.1.1,60.11190436149224,2025-09-30 14h01.04.067501 +0530,
113,0,113,[np.float64(-0.08166666666666667)],[np.float64(0.4272222222222222)],[1],[0],[0],[1.4887050001416355],['target'],113,0,113,0,165.2033276001457,,10,165.19075110019185,165.2033276001457,165.2033276001457,0.02681849990040064,166.67955130012706,[np.float64(-0.08166666666666667)],[np.float64(0.4272222222222222)],[1],[0],[0],[1.4887050001416355],['target'],participant 5,001,2025-09-30_14h00.14.836,Visual Search,,2025.1.1,60.11190436149224,2025-09-30 14h01.04.067501 +0530,
114,0,114,[np.float64(-0.44555555555555554)],[np.float64(0.3566666666666667)],[1],[0],[0],[1.1602870000060648],['target'],114,0,114,0,166.7167633001227,,10,166.70419359998778,166.7167633001227,166.7167633001227,0.024453199934214354,167.86465340014547,[np.float64(-0.44555555555555554)],[np.float64(0.3566666666666667)],[1],[0],[0],[1.1602870000060648],['target'],participant 5,001,2025-09-30_14h00.14.836,Visual Search,,2025.1.1,60.11190436149224,2025-09-30 14h01.04.067501 +0530,
115,0,115,[np.float64(0.2788888888888889)],[np.float64(0.2772222222222222)],[1],[0],[0],[1.9832718998659402],['target'],115,0,115,0,167.9086968000047,,10,167.8970733000897,167.9086968000047,167.9086968000047,0.03205420006997883,169.88043390004896,[np.float64(0.2788888888888889)],[np.float64(0.2772222222222222)],[1],[0],[0],[1.9832718998659402],['target'],participant 5,001,2025-09-30_14h00.14.836,Visual Search,,2025.1.1,60.11190436149224,2025-09-30 14h01.04.067501 +0530,
116,0,116,[np.float64(-0.5083333333333333)],[np.float64(-0.056666666666666664)],[1],[0],[0],[2.4222780999261886],['target'],116,0,116,0,169.92290620016865,,10,169.90772410016507,169.92290620016865,169.92290620016865,0.027108300011605024,172.33010980021209,[np.float64(-0.5083333333333333)],[np.float64(-0.056666666666666664)],[1],[0],[0],[2.4222780999261886],['target'],participant 5,001,2025-09-30_14h00.14.836,Visual Search,,2025.1.1,60.11190436149224,2025-09-30 14h01.04.067501 +0530,
117,0,117,[np.float64(0.1411111111111111)],[np.float64(-0.025)],[1],[0],[0],[1.7910134999547154],['target'],117,0,117,0,172.36551130004227,,10,172.35525010013953,172.36551130004227,172.36551130004227,0.024918500101193786,174.14635780011304,[np.float64(0.1411111111111111)],[np.float64(-0.025)],[1],[0],[0],[1.7910134999547154],['target'],participant 5,001,2025-09-30_14h00.14.836,Visual Search,,2025.1.1,60.11190436149224,2025-09-30 14h01.04.067501 +0530,
118,0,118,[np.float64(0.4766666666666667)],[np.float64(-0.3977777777777778)],[1],[0],[0],[1.9733263000380248],['target'],118,0,118,0,174.1829762000125,,10,174.17303240019828,174.1829762000125,174.1829762000125,0.026487499941140413,176.1464469002094,[np.float64(0.4766666666666667)],[np.float64(-0.3977777777777778)],[1],[0],[0],[1.9733263000380248],['target'],participant 5,001,2025-09-30_14h00.14.836,Visual Search,,2025.1.1,60.11190436149224,2025-09-30 14h01.04.067501 +0530,
119,0,119,[np.float64(-0.3983333333333333)],[np.float64(0.30666666666666664)],[1],[0],[0],[1.9543229001574218],['target'],119,0,119,0,176.1896200000774,,10,176.1744507001713,176.1896200000774,176.1896200000774,0.027804499957710505,178.12891420000233,[np.float64(-0.3983333333333333)],[np.float64(0.30666666666666664)],[1],[0],[0],[1.9543229001574218],['target'],participant 5,001,2025-09-30_14h00.14.836,Visual Search,,2025.1.1,60.11190436149224,2025-09-30 14h01.04.067501 +0530,
120,0,120,[np.float64(0.17944444444444443)],[np.float64(-0.16666666666666666)],[1],[0],[0],[1.855142000131309],['target'],120,0,120,0,178.1698753000237,,10,178.1587830001954,178.1698753000237,178.1698753000237,0.029586999909952283,180.0140693001449,[np.float64(0.17944444444444443)],[np.float64(-0.16666666666666666)],[1],[0],[0],[1.855142000131309],['target'],participant 5,001,2025-09-30_14h00.14.836,Visual Search,,2025.1.1,60.11190436149224,2025-09-30 14h01.04.067501 +0530,
121,0,121,[np.float64(0.17333333333333334)],[np.float64(-0.28555555555555556)],[1],[0],[0],[1.0324099999852479],['target'],121,0,121,0,180.0362543000374,,5,180.03017899999395,180.0362543000374,180.0362543000374,0.015864700078964233,181.0626960999798,[np.float64(0.17333333333333334)],[np.float64(-0.28555555555555556)],[1],[0],[0],[1.0324099999852479],['target'],participant 5,001,2025-09-30_14h00.14.836,Visual Search,,2025.1.1,60.11190436149224,2025-09-30 14h01.04.067501 +0530,
122,0,122,[np.float64(0.47055555555555556)],[np.float64(-0.20722222222222222)],[1],[0],[0],[1.3246327000670135],[None],122,0,122,0,181.09853570000269,,10,181.08839990012348,181.09853570000269,181.09853570000269,0.02549559995532036,182.4132031002082,[np.float64(0.47055555555555556)],[np.float64(-0.20722222222222222)],[1],[0],[0],[1.3246327000670135],[None],participant 5,001,2025-09-30_14h00.14.836,Visual Search,,2025.1.1,60.11190436149224,2025-09-30 14h01.04.067501 +0530,
123,0,123,[np.float64(-0.02388888888888889)],[np.float64(0.28444444444444444)],[1],[0],[0],[1.6564656000118703],['target'],123,0,123,0,182.45000240020454,,10,182.43989960011095,182.45000240020454,182.45000240020454,0.026396000059321523,184.09646380017512,[np.float64(-0.02388888888888889)],[np.float64(0.28444444444444444)],[1],[0],[0],[1.6564656000118703],['target'],participant 5,001,2025-09-30_14h00.14.836,Visual Search,,2025.1.1,60.11190436149224,2025-09-30 14h01.04.067501 +0530,
124,0,124,[np.float64(-0.21333333333333335)],[np.float64(0.12444444444444444)],[1],[0],[0],[1.273237599991262],['target'],124,0,124,0,184.13517750008032,,10,184.12442270014435,184.13517750008032,184.13517750008032,0.027739700162783265,185.3978187001776,[np.float64(-0.21333333333333335)],[np.float64(0.12444444444444444)],[1],[0],[0],[1.273237599991262],['target'],participant 5,001,2025-09-30_14h00.14.836,Visual Search,,2025.1.1,60.11190436149224,2025-09-30 14h01.04.067501 +0530,
125,0,125,[np.float64(0.4638888888888889)],[np.float64(0.19)],[1],[0],[0],[1.5356608999427408],['target'],125,0,125,0,185.43883110000752,,10,185.42701500002295,185.43883110000752,185.43883110000752,0.02889740001410246,186.96279150014743,[np.float64(0.4638888888888889)],[np.float64(0.19)],[1],[0],[0],[1.5356608999427408],['target'],participant 5,001,2025-09-30_14h00.14.836,Visual Search,,2025.1.1,60.11190436149224,2025-09-30 14h01.04.067501 +0530,
126,0,126,[np.float64(-0.17055555555555554)],[np.float64(0.24944444444444444)],[1],[0],[0],[1.3712768000550568],['target'],126,0,126,0,187.00087640015408,,10,186.99023460014723,187.00087640015408,187.00087640015408,0.0271938000805676,188.3615908001084,[np.float64(-0.17055555555555554)],[np.float64(0.24944444444444444)],[1],[0],[0],[1.3712768000550568],['target'],participant 5,001,2025-09-30_14h00.14.836,Visual Search,,2025.1.1,60.11190436149224,2025-09-30 14h01.04.067501 +0530,
127,0,127,[np.float64(0.08666666666666667)],[np.float64(-0.08722222222222223)],[1],[0],[0],[1.5206663000863045],['target'],127,0,127,0,188.38295600004494,,5,188.37577090016566,188.38295600004494,188.38295600004494,0.01402490003965795,189.8965747000184,[np.float64(0.08666666666666667)],[np.float64(-0.08722222222222223)],[1],[0],[0],[1.5206663000863045],['target'],participant 5,001,2025-09-30_14h00.14.836,Visual Search,,2025.1.1,60.11190436149224,2025-09-30 14h01.04.067501 +0530,
128,0,128,[np.float64(0.2638888888888889)],[np.float64(0.22111111111111112)],[1],[0],[0],[1.0162241999059916],['target'],128,0,128,0,189.91898270021193,,5,189.91353990021162,189.91898270021193,189.91898270021193,0.01668040012009442,190.92987310001627,[np.float64(0.2638888888888889)],[np.float64(0.22111111111111112)],[1],[0],[0],[1.0162241999059916],['target'],participant 5,001,2025-09-30_14h00.14.836,Visual Search,,2025.1.1,60.11190436149224,2025-09-30 14h01.04.067501 +0530,
129,0,129,[np.float64(-0.36944444444444446)],[np.float64(0.26666666666666666)],[1],[0],[0],[2.0548718001227826],['target'],129,0,129,0,190.97561110020615,,10,190.95846790005453,190.97561110020615,190.97561110020615,0.028408800018951297,193.0134455000516,[np.float64(-0.36944444444444446)],[np.float64(0.26666666666666666)],[1],[0],[0],[2.0548718001227826],['target'],participant 5,001,2025-09-30_14h00.14.836,Visual Search,,2025.1.1,60.11190436149224,2025-09-30 14h01.04.067501 +0530,
130,0,130,[np.float64(0.17833333333333334)],[np.float64(-0.12555555555555556)],[1],[0],[0],[1.6170306999702007],['target'],130,0,130,0,193.03591840015724,,5,193.02891330001876,193.03591840015724,193.03591840015724,0.015241000102832913,194.6460518001113,[np.float64(0.17833333333333334)],[np.float64(-0.12555555555555556)],[1],[0],[0],[1.6170306999702007],['target'],participant 5,001,2025-09-30_14h00.14.836,Visual Search,,2025.1.1,60.11190436149224,2025-09-30 14h01.04.067501 +0530,
131,0,131,[np.float64(-0.1411111111111111)],[np.float64(-0.43166666666666664)],[1],[0],[0],[1.8754249000921845],['target'],131,0,131,0,194.67918199999258,,10,194.67068330012262,194.67918199999258,194.67918199999258,0.024474999867379665,196.54622660018504,[np.float64(-0.1411111111111111)],[np.float64(-0.43166666666666664)],[1],[0],[0],[1.8754249000921845],['target'],participant 5,001,2025-09-30_14h00.14.836,Visual Search,,2025.1.1,60.11190436149224,2025-09-30 14h01.04.067501 +0530,
132,0,132,[np.float64(0.4661111111111111)],[np.float64(-0.3194444444444444)],[1],[0],[0],[1.7172743999399245],['target'],132,0,132,0,196.5693563001696,,5,196.56232780008577,196.5693563001696,196.5693563001696,0.015865900088101625,198.27970449998975,[np.float64(0.4661111111111111)],[np.float64(-0.3194444444444444)],[1],[0],[0],[1.7172743999399245],['target'],participant 5,001,2025-09-30_14h00.14.836,Visual Search,,2025.1.1,60.11190436149224,2025-09-30 14h01.04.067501 +0530,
133,0,133,[np.float64(-0.4627777777777778)],[np.float64(-0.18)],[1],[0],[0],[1.1514174998737872],[None],133,0,133,0,198.30241180001758,,5,198.29512930009514,198.30241180001758,198.30241180001758,0.015253399964421988,199.44665030017495,[np.float64(-0.4627777777777778)],[np.float64(-0.18)],[1],[0],[0],[1.1514174998737872],[None],participant 5,001,2025-09-30_14h00.14.836,Visual Search,,2025.1.1,60.11190436149224,2025-09-30 14h01.04.067501 +0530,
134,0,134,[np.float64(0.10833333333333334)],[np.float64(0.08222222222222222)],[1],[0],[0],[1.13760060002096],['target'],134,0,134,0,199.4835008000955,,10,199.47493300004862,199.4835008000955,199.4835008000955,0.028101699892431498,200.6125783000607,[np.float64(0.10833333333333334)],[np.float64(0.08222222222222222)],[1],[0],[0],[1.13760060002096],['target'],participant 5,001,2025-09-30_14h00.14.836,Visual Search,,2025.1.1,60.11190436149224,2025-09-30 14h01.04.067501 +0530,
135,0,135,[np.float64(-0.29444444444444445)],[np.float64(0.017222222222222222)],[1],[0],[0],[1.0073011999484152],['target'],135,0,135,0,200.65244180010632,,10,200.63812170014717,200.65244180010632,200.65244180010632,0.02533530001528561,201.64551820000634,[np.float64(-0.29444444444444445)],[np.float64(0.017222222222222222)],[1],[0],[0],[1.0073011999484152],['target'],participant 5,001,2025-09-30_14h00.14.836,Visual Search,,2025.1.1,60.11190436149224,2025-09-30 14h01.04.067501 +0530,
136,0,136,[np.float64(-0.26222222222222225)],[np.float64(-0.30444444444444446)],[1],[0],[0],[1.409062499878928],[None],136,0,136,0,201.67810710007325,,10,201.67069410020486,201.67810710007325,201.67810710007325,0.024995400104671717,203.0798588001635,[np.float64(-0.26222222222222225)],[np.float64(-0.30444444444444446)],[1],[0],[0],[1.409062499878928],[None],participant 5,001,2025-09-30_14h00.14.836,Visual Search,,2025.1.1,60.11190436149224,2025-09-30 14h01.04.067501 +0530,
137,0,137,[np.float64(0.2288888888888889)],[np.float64(-0.018333333333333333)],[1],[0],[0],[1.0843673998024315],['target'],137,0,137,0,203.10376770002767,,5,203.09514390002005,203.10376770002767,203.10376770002767,0.015083499951288104,204.17964010010473,[np.float64(0.2288888888888889)],[np.float64(-0.018333333333333333)],[1],[0],[0],[1.0843673998024315],['target'],participant 5,001,2025-09-30_14h00.14.836,Visual Search,,2025.1.1,60.11190436149224,2025-09-30 14h01.04.067501 +0530,
138,0,138,[np.float64(0.2638888888888889)],[np.float64(-0.3672222222222222)],[1],[0],[0],[1.5027997000142932],['target'],138,0,138,0,204.2023256001994,,5,204.1949058000464,204.2023256001994,204.2023256001994,0.015088199870660901,205.6978771002032,[np.float64(0.2638888888888889)],[np.float64(-0.3672222222222222)],[1],[0],[0],[1.5027997000142932],['target'],participant 5,001,2025-09-30_14h00.14.836,Visual Search,,2025.1.1,60.11190436149224,2025-09-30 14h01.04.067501 +0530,
139,0,139,[np.float64(0.095)],[np.float64(0.26722222222222225)],[1],[0],[0],[1.6473759999498725],['target'],139,0,139,0,205.72090020007454,,5,205.71497040009126,205.72090020007454,205.72090020007454,0.016801599878817797,207.3624523000326,[np.float64(0.095)],[np.float64(0.26722222222222225)],[1],[0],[0],[1.6473759999498725],['target'],participant 5,001,2025-09-30_14h00.14.836,Visual Search,,2025.1.1,60.11190436149224,2025-09-30 14h01.04.067501 +0530,
140,0,140,[np.float64(-0.2311111111111111)],[np.float64(-0.47555555555555556)],[1],[0],[0],[1.8024760000407696],['target'],140,0,140,0,207.38618879998103,,5,207.37894530012272,207.38618879998103,207.38618879998103,0.01631100010126829,209.18161640013568,[np.float64(-0.2311111111111111)],[np.float64(-0.47555555555555556)],[1],[0],[0],[1.8024760000407696],['target'],participant 5,001,2025-09-30_14h00.14.836,Visual Search,,2025.1.1,60.11190436149224,2025-09-30 14h01.04.067501 +0530,
141,0,141,[np.float64(-0.035555555555555556)],[np.float64(0.39666666666666667)],[1],[0],[0],[1.201656199991703],['target'],141,0,141,0,209.2170313000679,,10,209.20966550009325,209.2170313000679,209.2170313000679,0.0277540001552552,210.4114119000733,[np.float64(-0.035555555555555556)],[np.float64(0.39666666666666667)],[1],[0],[0],[1.201656199991703],['target'],participant 5,001,2025-09-30_14h00.14.836,Visual Search,,2025.1.1,60.11190436149224,2025-09-30 14h01.04.067501 +0530,
142,0,142,[np.float64(-0.2638888888888889)],[np.float64(-0.09333333333333334)],[1],[0],[0],[0.9525890999939293],['target'],142,0,142,0,210.43393940012902,,5,210.42691830010153,210.43393940012902,210.43393940012902,0.015316700097173452,211.3796064001508,[np.float64(-0.2638888888888889)],[np.float64(-0.09333333333333334)],[1],[0],[0],[0.9525890999939293],['target'],participant 5,001,2025-09-30_14h00.14.836,Visual Search,,2025.1.1,60.11190436149224,2025-09-30 14h01.04.067501 +0530,
143,0,143,[np.float64(-0.36944444444444446)],[np.float64(0.48277777777777775)],[1],[0],[0],[1.550960199907422],['target'],143,0,143,0,211.4018054001499,,5,211.39452630002052,211.4018054001499,211.4018054001499,0.014754399890080094,212.9455775001552,[np.float64(-0.36944444444444446)],[np.float64(0.48277777777777775)],[1],[0],[0],[1.550960199907422],['target'],participant 5,001,2025-09-30_14h00.14.836,Visual Search,,2025.1.1,60.11190436149224,2025-09-30 14h01.04.067501 +0530,
144,0,144,[np.float64(0.235)],[np.float64(-0.14944444444444444)],[1],[0],[0],[1.242621900048107],['target'],144,0,144,0,212.97826610016637,,10,212.97132160002366,212.97826610016637,212.97826610016637,0.025556999957188964,214.21410350012593,[np.float64(0.235)],[np.float64(-0.14944444444444444)],[1],[0],[0],[1.242621900048107],['target'],participant 5,001,2025-09-30_14h00.14.836,Visual Search,,2025.1.1,60.11190436149224,2025-09-30 14h01.04.067501 +0530,
145,0,145,[np.float64(-0.035)],[np.float64(0.34)],[1],[0],[0],[1.2478117998689413],['target'],145,0,145,0,214.25420560012572,,10,214.24712070007809,214.25420560012572,214.25420560012572,0.0327178998850286,215.4949919001665,[np.float64(-0.035)],[np.float64(0.34)],[1],[0],[0],[1.2478117998689413],['target'],participant 5,001,2025-09-30_14h00.14.836,Visual Search,,2025.1.1,60.11190436149224,2025-09-30 14h01.04.067501 +0530,
146,0,146,[np.float64(-0.3561111111111111)],[np.float64(-0.335)],[1],[0],[0],[1.5655365998391062],['target'],146,0,146,0,215.51984840002842,,10,215.5123641001992,215.51984840002842,215.51984840002842,0.017248200019821525,217.07800130010583,[np.float64(-0.3561111111111111)],[np.float64(-0.335)],[1],[0],[0],[1.5655365998391062],['target'],participant 5,001,2025-09-30_14h00.14.836,Visual Search,,2025.1.1,60.11190436149224,2025-09-30 14h01.04.067501 +0530,
147,0,147,[np.float64(-0.42777777777777776)],[np.float64(0.41833333333333333)],[1],[0],[0],[1.2246517001185566],['target'],147,0,147,0,217.1115840000566,,10,217.10433110012673,217.1115840000566,217.1115840000566,0.026139100082218647,218.32908120006323,[np.float64(-0.42777777777777776)],[np.float64(0.41833333333333333)],[1],[0],[0],[1.2246517001185566],['target'],participant 5,001,2025-09-30_14h00.14.836,Visual Search,,2025.1.1,60.11190436149224,2025-09-30 14h01.04.067501 +0530,
148,0,148,[np.float64(0.3277777777777778)],[np.float64(-0.21166666666666667)],[1],[0],[0],[1.2855633001308888],['target'],148,0,148,0,218.35062890010886,,5,218.34368650009856,218.35062890010886,218.35062890010886,0.014386000111699104,219.6293508000672,[np.float64(0.3277777777777778)],[np.float64(-0.21166666666666667)],[1],[0],[0],[1.2855633001308888],['target'],participant 5,001,2025-09-30_14h00.14.836,Visual Search,,2025.1.1,60.11190436149224,2025-09-30 14h01.04.067501 +0530,
149,0,149,[np.float64(0.23333333333333334)],[np.float64(-0.19722222222222222)],[1],[0],[0],[1.1014268998987973],['target'],149,0,149,0,219.65194990020245,,5,219.64421210018918,219.65194990020245,219.65194990020245,0.014684800058603287,220.74574280017987,[np.float64(0.23333333333333334)],[np.float64(-0.19722222222222222)],[1],[0],[0],[1.1014268998987973],['target'],participant 5,001,2025-09-30_14h00.14.836,Visual Search,,2025.1.1,60.11190436149224,2025-09-30 14h01.04.067501 +0530,
150,0,150,[np.float64(0.31555555555555553)],[np.float64(0.19111111111111112)],[1],[0],[0],[1.703579599969089],['target'],150,0,150,0,220.76750900014304,,5,220.76101180003025,220.76750900014304,220.76750900014304,0.015100100077688694,222.46478820010088,[np.float64(0.31555555555555553)],[np.float64(0.19111111111111112)],[1],[0],[0],[1.703579599969089],['target'],participant 5,001,2025-09-30_14h00.14.836,Visual Search,,2025.1.1,60.11190436149224,2025-09-30 14h01.04.067501 +0530,
151,0,151,[np.float64(0.09333333333333334)],[np.float64(0.5)],[1],[0],[0],[1.5958010000176728],['target'],151,0,151,0,222.49171620002016,,5,222.48340960009955,222.49171620002016,222.49171620002016,0.018326599849388003,224.0792976000812,[np.float64(0.09333333333333334)],[np.float64(0.5)],[1],[0],[0],[1.5958010000176728],['target'],participant 5,001,2025-09-30_14h00.14.836,Visual Search,,2025.1.1,60.11190436149224,2025-09-30 14h01.04.067501 +0530,
152,0,152,[np.float64(-0.305)],[np.float64(-0.16944444444444445)],[1],[0],[0],[1.1170046001207083],['target'],152,0,152,0,224.1014386001043,,5,224.09456160012633,224.1014386001043,224.1014386001043,0.015098100062459707,225.21172989998013,[np.float64(-0.305)],[np.float64(-0.16944444444444445)],[1],[0],[0],[1.1170046001207083],['target'],participant 5,001,2025-09-30_14h00.14.836,Visual Search,,2025.1.1,60.11190436149224,2025-09-30 14h01.04.067501 +0530,
153,0,153,[np.float64(0.28444444444444444)],[np.float64(0.08333333333333333)],[1],[0],[0],[1.0686510999221355],['target'],153,0,153,0,225.23315910017118,,5,225.22787150018848,225.23315910017118,225.23315910017118,0.015844399807974696,226.29669099999592,[np.float64(0.28444444444444444)],[np.float64(0.08333333333333333)],[1],[0],[0],[1.0686510999221355],['target'],participant 5,001,2025-09-30_14h00.14.836,Visual Search,,2025.1.1,60.11190436149224,2025-09-30 14h01.04.067501 +0530,
154,0,154,[np.float64(-0.17777777777777778)],[np.float64(-0.43222222222222223)],[1],[0],[0],[1.4965721999760717],['target'],154,0,154,0,226.32277780002914,,5,226.31529950001277,226.32277780002914,226.32277780002914,0.018188799964264035,227.81195700005628,[np.float64(-0.17777777777777778)],[np.float64(-0.43222222222222223)],[1],[0],[0],[1.4965721999760717],['target'],participant 5,001,2025-09-30_14h00.14.836,Visual Search,,2025.1.1,60.11190436149224,2025-09-30 14h01.04.067501 +0530,
155,0,155,[np.float64(-0.17055555555555554)],[np.float64(-0.06055555555555556)],[1],[0],[0],[1.524304199963808],['target'],155,0,155,0,227.8449818000663,,10,227.83797430014238,227.8449818000663,227.8449818000663,0.025856600143015385,229.362384499982,[np.float64(-0.17055555555555554)],[np.float64(-0.06055555555555556)],[1],[0],[0],[1.524304199963808],['target'],participant 5,001,2025-09-30_14h00.14.836,Visual Search,,2025.1.1,60.11190436149224,2025-09-30 14h01.04.067501 +0530,
156,0,156,[np.float64(0.044444444444444446)],[np.float64(-0.2777777777777778)],[1],[0],[0],[1.3695384000893682],['target'],156,0,156,0,229.38383550010622,,5,229.37752810004167,229.38383550010622,229.38383550010622,0.014934799866750836,230.7472010999918,[np.float64(0.044444444444444446)],[np.float64(-0.2777777777777778)],[1],[0],[0],[1.3695384000893682],['target'],participant 5,001,2025-09-30_14h00.14.836,Visual Search,,2025.1.1,60.11190436149224,2025-09-30 14h01.04.067501 +0530,
157,0,157,[np.float64(0.27555555555555555)],[np.float64(0.06111111111111111)],[1],[0],[0],[1.4198419998865575],['target'],157,0,157,0,230.78614159999415,,10,230.77599630015902,230.78614159999415,230.78614159999415,0.028583999956026673,232.19595900014974,[np.float64(0.27555555555555555)],[np.float64(0.06111111111111111)],[1],[0],[0],[1.4198419998865575],['target'],participant 5,001,2025-09-30_14h00.14.836,Visual Search,,2025.1.1,60.11190436149224,2025-09-30 14h01.04.067501 +0530,
158,0,158,[np.float64(-0.3688888888888889)],[np.float64(0.46166666666666667)],[1],[0],[0],[1.5406653000973165],['target'],158,0,158,0,232.2287485001143,,10,232.22189699998125,232.2287485001143,232.2287485001143,0.02568059996701777,233.76268600020558,[np.float64(-0.3688888888888889)],[np.float64(0.46166666666666667)],[1],[0],[0],[1.5406653000973165],['target'],participant 5,001,2025-09-30_14h00.14.836,Visual Search,,2025.1.1,60.11190436149224,2025-09-30 14h01.04.067501 +0530,
159,0,159,[np.float64(-0.205)],[np.float64(-0.4088888888888889)],[1],[0],[0],[1.3001303998753428],['target'],159,0,159,0,233.7852466001641,,5,233.77869090018794,233.7852466001641,233.7852466001641,0.01575730019249022,235.07892020000145,[np.float64(-0.205)],[np.float64(-0.4088888888888889)],[1],[0],[0],[1.3001303998753428],['target'],participant 5,001,2025-09-30_14h00.14.836,Visual Search,,2025.1.1,60.11190436149224,2025-09-30 14h01.04.067501 +0530,
160,0,160,[np.float64(-0.27)],[np.float64(0.35944444444444446)],[1],[0],[0],[1.1994656000752002],['target'],160,0,160,0,235.10223970003426,,5,235.09466100018471,235.10223970003426,235.10223970003426,0.015563599998131394,236.29417960019782,[np.float64(-0.27)],[np.float64(0.35944444444444446)],[1],[0],[0],[1.1994656000752002],['target'],participant 5,001,2025-09-30_14h00.14.836,Visual Search,,2025.1.1,60.11190436149224,2025-09-30 14h01.04.067501 +0530,
161,0,161,[np.float64(-0.13722222222222222)],[np.float64(0.2638888888888889)],[1],[0],[0],[1.1299425999168307],['target'],161,0,161,0,236.3214565999806,,10,236.31446680007502,236.3214565999806,236.3214565999806,0.020195299992337823,237.44448080006987,[np.float64(-0.13722222222222222)],[np.float64(0.2638888888888889)],[1],[0],[0],[1.1299425999168307],['target'],participant 5,001,2025-09-30_14h00.14.836,Visual Search,,2025.1.1,60.11190436149224,2025-09-30 14h01.04.067501 +0530,
162,0,162,[np.float64(-0.13722222222222222)],[np.float64(-0.4361111111111111)],[1],[0],[0],[1.6075399999972433],['target'],162,0,162,0,237.45960050006397,,5,237.45382579998113,237.45960050006397,237.45960050006397,0.009209699928760529,239.06147620012052,[np.float64(-0.13722222222222222)],[np.float64(-0.4361111111111111)],[1],[0],[0],[1.6075399999972433],['target'],participant 5,001,2025-09-30_14h00.14.836,Visual Search,,2025.1.1,60.11190436149224,2025-09-30 14h01.04.067501 +0530,
163,0,163,[np.float64(0.16)],[np.float64(-0.4716666666666667)],[1],[0],[0],[1.7881861000787467],['target'],163,0,163,0,239.10196270002052,,10,239.08965330012143,239.10196270002052,239.10196270002052,0.02800369984470308,240.87793399998918,[np.float64(0.16)],[np.float64(-0.4716666666666667)],[1],[0],[0],[1.7881861000787467],['target'],participant 5,001,2025-09-30_14h00.14.836,Visual Search,,2025.1.1,60.11190436149224,2025-09-30 14h01.04.067501 +0530,
164,0,164,[np.float64(-0.2972222222222222)],[np.float64(-0.2061111111111111)],[1],[0],[0],[1.351686199894175],['target'],164,0,164,0,240.89984860015102,,5,240.89264059998095,240.89984860015102,240.89984860015102,0.014497000025585294,242.2444247000385,[np.float64(-0.2972222222222222)],[np.float64(-0.2061111111111111)],[1],[0],[0],[1.351686199894175],['target'],participant 5,001,2025-09-30_14h00.14.836,Visual Search,,2025.1.1,60.11190436149224,2025-09-30 14h01.04.067501 +0530,
165,0,165,[np.float64(-0.08277777777777778)],[np.float64(-0.4311111111111111)],[1],[0],[0],[1.7578984000720084],['target'],165,0,165,0,242.28061210014857,,10,242.27026620018296,242.28061210014857,242.28061210014857,0.0256566999014467,244.02834190009162,[np.float64(-0.08277777777777778)],[np.float64(-0.4311111111111111)],[1],[0],[0],[1.7578984000720084],['target'],participant 5,001,2025-09-30_14h00.14.836,Visual Search,,2025.1.1,60.11190436149224,2025-09-30 14h01.04.067501 +0530,
166,0,166,[np.float64(0.15833333333333333)],[np.float64(0.3338888888888889)],[1],[0],[0],[1.365619300166145],['target'],166,0,166,0,244.0541530000046,,5,244.04604100016877,244.0541530000046,244.0541530000046,0.01734969997778535,245.41173880011775,[np.float64(0.15833333333333333)],[np.float64(0.3338888888888889)],[1],[0],[0],[1.365619300166145],['target'],participant 5,001,2025-09-30_14h00.14.836,Visual Search,,2025.1.1,60.11190436149224,2025-09-30 14h01.04.067501 +0530,
167,0,167,[np.float64(0.04888888888888889)],[np.float64(0.06277777777777778)],[1],[0],[0],[1.4404615999665111],['target'],167,0,167,0,245.45056420005858,,10,245.43830710020848,245.45056420005858,245.45056420005858,0.026410599937662482,246.87889829999767,[np.float64(0.04888888888888889)],[np.float64(0.06277777777777778)],[1],[0],[0],[1.4404615999665111],['target'],participant 5,001,2025-09-30_14h00.14.836,Visual Search,,2025.1.1,60.11190436149224,2025-09-30 14h01.04.067501 +0530,
168,0,168,[np.float64(0.3038888888888889)],[np.float64(0.27444444444444444)],[1],[0],[0],[1.9846658001188189],['target'],168,0,168,0,246.90596910007298,,5,246.89422010001726,246.90596910007298,246.90596910007298,0.015094200149178505,248.87899200012907,[np.float64(0.3038888888888889)],[np.float64(0.27444444444444444)],[1],[0],[0],[1.9846658001188189],['target'],participant 5,001,2025-09-30_14h00.14.836,Visual Search,,2025.1.1,60.11190436149224,2025-09-30 14h01.04.067501 +0530,
169,0,169,[np.float64(0.21055555555555555)],[np.float64(-0.17888888888888888)],[1],[0],[0],[1.2836372999008745],['target'],169,0,169,0,248.9033792000264,,5,248.8944555001799,248.9033792000264,248.9033792000264,0.015278799924999475,250.1782086000312,[np.float64(0.21055555555555555)],[np.float64(-0.17888888888888888)],[1],[0],[0],[1.2836372999008745],['target'],participant 5,001,2025-09-30_14h00.14.836,Visual Search,,2025.1.1,60.11190436149224,2025-09-30 14h01.04.067501 +0530,
170,0,170,[np.float64(0.42)],[np.float64(-0.2972222222222222)],[1],[0],[0],[1.4892754000611603],['target'],170,0,170,0,250.22224090015516,,10,250.2058549001813,250.22224090015516,250.22224090015516,0.027451799949631095,251.69523439998738,[np.float64(0.42)],[np.float64(-0.2972222222222222)],[1],[0],[0],[1.4892754000611603],['target'],participant 5,001,2025-09-30_14h00.14.836,Visual Search,,2025.1.1,60.11190436149224,2025-09-30 14h01.04.067501 +0530,
171,0,171,[np.float64(0.057777777777777775)],[np.float64(0.03944444444444444)],[1],[0],[0],[1.2886800998821855],['target'],171,0,171,0,251.7336654001847,,10,251.72253510006703,251.7336654001847,251.7336654001847,0.027058499865233898,253.0113002001308,[np.float64(0.057777777777777775)],[np.float64(0.03944444444444444)],[1],[0],[0],[1.2886800998821855],['target'],participant 5,001,2025-09-30_14h00.14.836,Visual Search,,2025.1.1,60.11190436149224,2025-09-30 14h01.04.067501 +0530,
172,0,172,[np.float64(-0.24888888888888888)],[np.float64(-0.11166666666666666)],[1],[0],[0],[1.5706082000397146],['target'],172,0,172,0,253.03117269999348,,5,253.02505589998327,253.03117269999348,253.03117269999348,0.01355349994264543,254.5957669999916,[np.float64(-0.24888888888888888)],[np.float64(-0.11166666666666666)],[1],[0],[0],[1.5706082000397146],['target'],participant 5,001,2025-09-30_14h00.14.836,Visual Search,,2025.1.1,60.11190436149224,2025-09-30 14h01.04.067501 +0530,
173,0,173,[np.float64(-0.14944444444444444)],[np.float64(0.1338888888888889)],[1],[0],[0],[1.4841383998282254],['target'],173,0,173,0,254.61833720002323,,5,254.6107080001384,254.61833720002323,254.61833720002323,0.014774200040847063,256.09498609998263,[np.float64(-0.14944444444444444)],[np.float64(0.1338888888888889)],[1],[0],[0],[1.4841383998282254],['target'],participant 5,001,2025-09-30_14h00.14.836,Visual Search,,2025.1.1,60.11190436149224,2025-09-30 14h01.04.067501 +0530,
174,0,174,[np.float64(-0.2811111111111111)],[np.float64(-0.02277777777777778)],[1],[0],[0],[1.5009055000264198],['target'],174,0,174,0,256.1177896000445,,5,256.1108946001623,256.1177896000445,256.1177896000445,0.01569899986498058,257.61190810007975,[np.float64(-0.2811111111111111)],[np.float64(-0.02277777777777778)],[1],[0],[0],[1.5009055000264198],['target'],participant 5,001,2025-09-30_14h00.14.836,Visual Search,,2025.1.1,60.11190436149224,2025-09-30 14h01.04.067501 +0530,
175,0,175,[np.float64(0.4222222222222222)],[np.float64(-0.13555555555555557)],[1],[0],[0],[1.4668781000655144],['target'],175,0,175,0,257.634508300107,,5,257.62794090015814,257.634508300107,257.634508300107,0.015840200008824468,259.09493430005386,[np.float64(0.4222222222222222)],[np.float64(-0.13555555555555557)],[1],[0],[0],[1.4668781000655144],['target'],participant 5,001,2025-09-30_14h00.14.836,Visual Search,,2025.1.1,60.11190436149224,2025-09-30 14h01.04.067501 +0530,
176,0,176,[np.float64(0.43666666666666665)],[np.float64(-0.3516666666666667)],[1],[0],[0],[1.3664251000154763],['target'],176,0,176,0,259.1180263001006,,5,259.1113013001159,259.1180263001006,259.1180263001006,0.01617650012485683,260.47782480018213,[np.float64(0.43666666666666665)],[np.float64(-0.3516666666666667)],[1],[0],[0],[1.3664251000154763],['target'],participant 5,001,2025-09-30_14h00.14.836,Visual Search,,2025.1.1,60.11190436149224,2025-09-30 14h01.04.067501 +0530,
177,0,177,[np.float64(0.20666666666666667)],[np.float64(-0.20055555555555554)],[1],[0],[0],[1.5855042999610305],['target'],177,0,177,0,260.49863849999383,,5,260.49353560013697,260.49863849999383,260.49863849999383,0.015524199930951,262.07916470011696,[np.float64(0.20666666666666667)],[np.float64(-0.20055555555555554)],[1],[0],[0],[1.5855042999610305],['target'],participant 5,001,2025-09-30_14h00.14.836,Visual Search,,2025.1.1,60.11190436149224,2025-09-30 14h01.04.067501 +0530,
178,0,178,[np.float64(0.3511111111111111)],[np.float64(0.23055555555555557)],[1],[0],[0],[1.5217150000389665],['target'],178,0,178,0,262.1136495000683,,10,262.1063259001821,262.1136495000683,262.1136495000683,0.026936399983242154,263.62818610016257,[np.float64(0.3511111111111111)],[np.float64(0.23055555555555557)],[1],[0],[0],[1.5217150000389665],['target'],participant 5,001,2025-09-30_14h00.14.836,Visual Search,,2025.1.1,60.11190436149224,2025-09-30 14h01.04.067501 +0530,
179,0,179,[np.float64(0.2538888888888889)],[np.float64(0.47888888888888886)],[1],[0],[0],[1.8016951000317931],['target'],179,0,179,0,263.65037679998204,,5,263.6436094001401,263.65037679998204,263.65037679998204,0.015138800023123622,265.44539260002784,[np.float64(0.2538888888888889)],[np.float64(0.47888888888888886)],[1],[0],[0],[1.8016951000317931],['target'],participant 5,001,2025-09-30_14h00.14.836,Visual Search,,2025.1.1,60.11190436149224,2025-09-30 14h01.04.067501 +0530,
180,0,180,[np.float64(0.3838888888888889)],[np.float64(0.3566666666666667)],[1],[0],[0],[1.917026499984786],['target'],180,0,180,0,265.4677509001922,,5,265.461070000194,265.4677509001922,265.4677509001922,0.015502900118008256,267.3782189001795,[np.float64(0.3838888888888889)],[np.float64(0.3566666666666667)],[1],[0],[0],[1.917026499984786],['target'],participant 5,001,2025-09-30_14h00.14.836,Visual Search,,2025.1.1,60.11190436149224,2025-09-30 14h01.04.067501 +0530,
181,0,181,[np.float64(-0.32722222222222225)],[np.float64(-0.23722222222222222)],[1],[0],[0],[1.5339120000135154],['target'],181,0,181,0,267.40112350019626,,5,267.39423820003867,267.40112350019626,267.40112350019626,0.015815300168469548,268.92830580007285,[np.float64(-0.32722222222222225)],[np.float64(-0.23722222222222222)],[1],[0],[0],[1.5339120000135154],['target'],participant 5,001,2025-09-30_14h00.14.836,Visual Search,,2025.1.1,60.11190436149224,2025-09-30 14h01.04.067501 +0530,
182,0,182,[np.float64(0.195)],[np.float64(-0.335)],[1],[0],[0],[1.7739703999832273],['target'],182,0,182,0,268.9663408000488,,10,268.95471450011246,268.9663408000488,268.9663408000488,0.02614740002900362,270.72881560004316,[np.float64(0.195)],[np.float64(-0.335)],[1],[0],[0],[1.7739703999832273],['target'],participant 5,001,2025-09-30_14h00.14.836,Visual Search,,2025.1.1,60.11190436149224,2025-09-30 14h01.04.067501 +0530,
183,0,183,[np.float64(-0.45055555555555554)],[np.float64(0.3688888888888889)],[1],[0],[0],[1.6072505998890847],[None],183,0,183,0,270.7613905000035,,10,270.75414390000515,270.7613905000035,270.7613905000035,0.025076100137084723,272.3615405000746,[np.float64(-0.45055555555555554)],[np.float64(0.3688888888888889)],[1],[0],[0],[1.6072505998890847],[None],participant 5,001,2025-09-30_14h00.14.836,Visual Search,,2025.1.1,60.11190436149224,2025-09-30 14h01.04.067501 +0530,
184,0,184,[np.float64(0.19777777777777777)],[np.float64(-0.48)],[1],[0],[0],[2.2508290000259876],['target'],184,0,184,0,272.38174430001527,,5,272.37642490002327,272.38174430001527,272.38174430001527,0.014619600027799606,274.6273803000804,[np.float64(0.19777777777777777)],[np.float64(-0.48)],[1],[0],[0],[2.2508290000259876],['target'],participant 5,001,2025-09-30_14h00.14.836,Visual Search,,2025.1.1,60.11190436149224,2025-09-30 14h01.04.067501 +0530,
185,0,185,[np.float64(-0.10555555555555556)],[np.float64(0.1761111111111111)],[1],[0],[0],[1.5089288000017405],['target'],185,0,185,0,274.6669693000149,,10,274.652859200025,274.6669693000149,274.6669693000149,0.02526450017467141,276.16190980002284,[np.float64(-0.10555555555555556)],[np.float64(0.1761111111111111)],[1],[0],[0],[1.5089288000017405],['target'],participant 5,001,2025-09-30_14h00.14.836,Visual Search,,2025.1.1,60.11190436149224,2025-09-30 14h01.04.067501 +0530,
186,0,186,[np.float64(-0.2638888888888889)],[np.float64(0.4822222222222222)],[1],[0],[0],[1.0887752999551594],['target'],186,0,186,0,276.2029189001769,,10,276.1895944001153,276.2029189001769,276.2029189001769,0.027431600028648973,277.27848229999654,[np.float64(-0.2638888888888889)],[np.float64(0.4822222222222222)],[1],[0],[0],[1.0887752999551594],['target'],participant 5,001,2025-09-30_14h00.14.836,Visual Search,,2025.1.1,60.11190436149224,2025-09-30 14h01.04.067501 +0530,
187,0,187,[np.float64(0.23944444444444443)],[np.float64(0.3516666666666667)],[1],[0],[0],[1.4507635000627488],['target'],187,0,187,0,277.3034580000676,,5,277.2941515999846,277.3034580000676,277.3034580000676,0.015462699811905622,278.7450170000084,[np.float64(0.23944444444444443)],[np.float64(0.3516666666666667)],[1],[0],[0],[1.4507635000627488],['target'],participant 5,001,2025-09-30_14h00.14.836,Visual Search,,2025.1.1,60.11190436149224,2025-09-30 14h01.04.067501 +0530,
188,0,188,[np.float64(-0.46166666666666667)],[np.float64(-0.1988888888888889)],[1],[0],[0],[1.4331501999404281],['target'],188,0,188,0,278.77093730005436,,5,278.761041900143,278.77093730005436,278.77093730005436,0.015728000085800886,280.1942906000186,[np.float64(-0.46166666666666667)],[np.float64(-0.1988888888888889)],[1],[0],[0],[1.4331501999404281],['target'],participant 5,001,2025-09-30_14h00.14.836,Visual Search,,2025.1.1,60.11190436149224,2025-09-30 14h01.04.067501 +0530,
189,0,189,[np.float64(-0.3811111111111111)],[np.float64(0.4066666666666667)],[1],[0],[0],[1.2191341000143439],['target'],189,0,189,0,280.2177573000081,,5,280.2090673001949,280.2177573000081,280.2177573000081,0.014594200067222118,281.4283416001126,[np.float64(-0.3811111111111111)],[np.float64(0.4066666666666667)],[1],[0],[0],[1.2191341000143439],['target'],participant 5,001,2025-09-30_14h00.14.836,Visual Search,,2025.1.1,60.11190436149224,2025-09-30 14h01.04.067501 +0530,
190,0,190,[np.float64(-0.16)],[np.float64(0.10388888888888889)],[1],[0],[0],[1.1678026001900434],['target'],190,0,190,0,281.45119790011086,,5,281.444111000048,281.45119790011086,281.45119790011086,0.01558370003476739,282.6120335999876,[np.float64(-0.16)],[np.float64(0.10388888888888889)],[1],[0],[0],[1.1678026001900434],['target'],participant 5,001,2025-09-30_14h00.14.836,Visual Search,,2025.1.1,60.11190436149224,2025-09-30 14h01.04.067501 +0530,
191,0,191,[np.float64(-0.39444444444444443)],[np.float64(0.32055555555555554)],[1],[0],[0],[1.1985164999496192],['target'],191,0,191,0,282.6363170000259,,5,282.62901969999075,282.6363170000259,282.6363170000259,0.016792799811810255,283.82762380014174,[np.float64(-0.39444444444444443)],[np.float64(0.32055555555555554)],[1],[0],[0],[1.1985164999496192],['target'],participant 5,001,2025-09-30_14h00.14.836,Visual Search,,2025.1.1,60.11190436149224,2025-09-30 14h01.04.067501 +0530,
192,0,192,[np.float64(-0.19)],[np.float64(-0.3988888888888889)],[1],[0],[0],[1.4693050999194384],['target'],192,0,192,0,283.8518311001826,,5,283.84226020006463,283.8518311001826,283.8518311001826,0.014486500062048435,285.31167590012774,[np.float64(-0.19)],[np.float64(-0.3988888888888889)],[1],[0],[0],[1.4693050999194384],['target'],participant 5,001,2025-09-30_14h00.14.836,Visual Search,,2025.1.1,60.11190436149224,2025-09-30 14h01.04.067501 +0530,
193,0,193,[np.float64(0.44166666666666665)],[np.float64(-0.47)],[1],[0],[0],[1.449522300157696],['target'],193,0,193,0,285.34007030003704,,5,285.32812459999695,285.34007030003704,285.34007030003704,0.01625439990311861,286.7777407001704,[np.float64(0.44166666666666665)],[np.float64(-0.47)],[1],[0],[0],[1.449522300157696],['target'],participant 5,001,2025-09-30_14h00.14.836,Visual Search,,2025.1.1,60.11190436149224,2025-09-30 14h01.04.067501 +0530,
194,0,194,[np.float64(-0.4527777777777778)],[np.float64(0.145)],[1],[0],[0],[1.318518599960953],['target'],194,0,194,0,286.8010263000615,,5,286.7922677001916,286.8010263000615,286.8010263000615,0.014365100068971515,288.11086800019257,[np.float64(-0.4527777777777778)],[np.float64(0.145)],[1],[0],[0],[1.318518599960953],['target'],participant 5,001,2025-09-30_14h00.14.836,Visual Search,,2025.1.1,60.11190436149224,2025-09-30 14h01.04.067501 +0530,
195,0,195,[np.float64(0.33111111111111113)],[np.float64(0.48277777777777775)],[1],[0],[0],[3.1857612000312656],['target'],195,0,195,0,288.1327957001049,,5,288.125326000154,288.1327957001049,288.1327957001049,0.014313400024548173,291.3111906000413,[np.float64(0.33111111111111113)],[np.float64(0.48277777777777775)],[1],[0],[0],[3.1857612000312656],['target'],participant 5,001,2025-09-30_14h00.14.836,Visual Search,,2025.1.1,60.11190436149224,2025-09-30 14h01.04.067501 +0530,
196,0,196,[np.float64(-0.29555555555555557)],[np.float64(0.35777777777777775)],[1],[0],[0],[1.2519185000564903],['target'],196,0,196,0,291.334952800069,,5,291.32661160011776,291.334952800069,291.334952800069,0.015250599943101406,292.5786512000486,[np.float64(-0.29555555555555557)],[np.float64(0.35777777777777775)],[1],[0],[0],[1.2519185000564903],['target'],participant 5,001,2025-09-30_14h00.14.836,Visual Search,,2025.1.1,60.11190436149224,2025-09-30 14h01.04.067501 +0530,
197,0,197,[np.float64(0.3877777777777778)],[np.float64(0.20777777777777778)],[1],[0],[0],[1.8186401999555528],['target'],197,0,197,0,292.6013594001997,,5,292.59477990004234,292.6013594001997,292.6013594001997,0.015918399905785918,294.4135726999957,[np.float64(0.3877777777777778)],[np.float64(0.20777777777777778)],[1],[0],[0],[1.8186401999555528],['target'],participant 5,001,2025-09-30_14h00.14.836,Visual Search,,2025.1.1,60.11190436149224,2025-09-30 14h01.04.067501 +0530,
198,0,198,[np.float64(0.15388888888888888)],[np.float64(0.2338888888888889)],[1],[0],[0],[0.8982576001435518],['target'],198,0,198,0,294.436644700123,,5,294.4298832002096,294.436644700123,294.436644700123,0.01604890008457005,295.3282443000935,[np.float64(0.15388888888888888)],[np.float64(0.2338888888888889)],[1],[0],[0],[0.8982576001435518],['target'],participant 5,001,2025-09-30_14h00.14.836,Visual Search,,2025.1.1,60.11190436149224,2025-09-30 14h01.04.067501 +0530,
199,0,199,[np.float64(0.46444444444444444)],[np.float64(-0.35055555555555556)],[1],[0],[0],[1.4731824998743832],['target'],199,0,199,0,295.3656170000322,,10,295.35443480010144,295.3656170000322,295.3656170000322,0.026000000070780516,296.82772210007533,[np.float64(0.46444444444444444)],[np.float64(-0.35055555555555556)],[1],[0],[0],[1.4731824998743832],['target'],participant 5,001,2025-09-30_14h00.14.836,Visual Search,,2025.1.1,60.11190436149224,2025-09-30 14h01.04.067501 +0530,
