flanker,correctAns,condition,thisN,thisTrialN,thisRepN,key_resp.keys,key_resp.corr,key_resp.rt,key_resp.duration,trials.thisRepN,trials.thisTrialN,trials.thisN,trials.thisIndex,thisRow.t,notes,Instructions.started,intro.started,space.started,Instructions.stopped,space.keys,space.rt,space.duration,trial.started,fixation.started,Flankerstim.started,key_resp.started,fixation.stopped,trial.stopped,trials.key_resp.keys,trials.key_resp.corr,trials.key_resp.rt,trials.key_resp.duration,Thank_You.started,thanks.started,Thank_You.stopped,participant,session,date,expName,expVersion,psychopyVersion,frameRate,expStart,
,,,,,,,,,,,,,,,,0.0037654999177902937,0.011248599970713258,0.011248599970713258,27.666773499920964,space,27.6368277000729,None,,,,,,,,,,,,,,participant_2,001,2025-11-10_17h30.23.331,Deeya Flanker,,2025.1.1,59.85142484825739,2025-11-10 17h30.33.566473 +0530,
<<><<,right,incongruent,0,0,0,right,1,6.310801199986599,None,0,0,0,2,27.68686199991498,,,,,,,,,27.68032309995033,27.68686199991498,28.673804399906658,28.673804399906658,28.690478299977258,34.99081889993977,right,1,6.310801199986599,None,,,,participant_2,001,2025-11-10_17h30.23.331,Deeya Flanker,,2025.1.1,59.85142484825739,2025-11-10 17h30.33.566473 +0530,
<<<<<,left,congruent,1,1,0,right,0,1.7337307999841869,None,0,1,1,0,35.00700899993535,,,,,,,,,34.99451069999486,35.00700899993535,35.990672899992205,35.990672899992205,36.00779869989492,37.72532839991618,right,0,1.7337307999841869,None,,,,participant_2,001,2025-11-10_17h30.23.331,Deeya Flanker,,2025.1.1,59.85142484825739,2025-11-10 17h30.33.566473 +0530,
>>>>>,right,congruent,2,2,0,right,1,1.8201121999882162,None,0,2,2,1,37.740544999949634,,,,,,,,,37.72913879994303,37.740544999949634,38.72441999998409,38.72441999998409,38.74032759992406,40.55818579997867,right,1,1.8201121999882162,None,,,,participant_2,001,2025-11-10_17h30.23.331,Deeya Flanker,,2025.1.1,59.85142484825739,2025-11-10 17h30.33.566473 +0530,
>><>>,left,incongruent,3,3,0,left,1,1.5597720000660047,None,0,3,3,3,40.5745366999181,,,,,,,,,40.5629741998855,40.5745366999181,41.5743503998965,41.5743503998965,41.5743503998965,43.14149399998132,left,1,1.5597720000660047,None,,,,participant_2,001,2025-11-10_17h30.23.331,Deeya Flanker,,2025.1.1,59.85142484825739,2025-11-10 17h30.33.566473 +0530,
<<<<<,left,congruent,4,0,1,left,1,0.9482776999939233,None,1,0,4,0,43.15691589994822,,,,,,,,,43.1460695998976,43.15691589994822,44.14090289990418,44.14090289990418,44.15754299995024,45.091307499911636,left,1,0.9482776999939233,None,,,,participant_2,001,2025-11-10_17h30.23.331,Deeya Flanker,,2025.1.1,59.85142484825739,2025-11-10 17h30.33.566473 +0530,
>><>>,left,incongruent,5,1,1,right,0,1.2536986999912187,None,1,1,5,3,45.10769049997907,,,,,,,,,45.09594089991879,45.10769049997907,46.09042629995383,46.09042629995383,46.106971799978055,47.35772469989024,right,0,1.2536986999912187,None,,,,participant_2,001,2025-11-10_17h30.23.331,Deeya Flanker,,2025.1.1,59.85142484825739,2025-11-10 17h30.33.566473 +0530,
>>>>>,right,congruent,6,2,1,right,1,1.073142100009136,None,1,2,6,1,47.373396699898876,,,,,,,,,47.361579999909736,47.373396699898876,48.35741769999731,48.35741769999731,48.374041299917735,49.4417958999984,right,1,1.073142100009136,None,,,,participant_2,001,2025-11-10_17h30.23.331,Deeya Flanker,,2025.1.1,59.85142484825739,2025-11-10 17h30.33.566473 +0530,
<<><<,right,incongruent,7,3,1,right,1,1.7851982000283897,None,1,3,7,2,49.457419999991544,,,,,,,,,49.4463434999343,49.457419999991544,50.457092999946326,50.457092999946326,50.457092999946326,52.25827919994481,right,1,1.7851982000283897,None,,,,participant_2,001,2025-11-10_17h30.23.331,Deeya Flanker,,2025.1.1,59.85142484825739,2025-11-10 17h30.33.566473 +0530,
<<><<,right,incongruent,8,0,2,right,1,1.3628955000313,None,2,0,8,2,52.274066699901596,,,,,,,,,52.25858999998309,52.274066699901596,53.25733049993869,53.25733049993869,53.27404910000041,54.62453559995629,right,1,1.3628955000313,None,,,,participant_2,001,2025-11-10_17h30.23.331,Deeya Flanker,,2025.1.1,59.85142484825739,2025-11-10 17h30.33.566473 +0530,
>><>>,left,incongruent,9,1,2,left,1,0.738363099982962,None,2,1,9,3,54.640228499891236,,,,,,,,,54.628588199964724,54.640228499891236,55.62446089996956,55.62446089996956,55.64038439991418,56.37458529998548,left,1,0.738363099982962,None,,,,participant_2,001,2025-11-10_17h30.23.331,Deeya Flanker,,2025.1.1,59.85142484825739,2025-11-10 17h30.33.566473 +0530,
>>>>>,right,congruent,10,2,2,right,1,0.8382112999679521,None,2,2,10,1,56.39028849999886,,,,,,,,,56.378471899894066,56.39028849999886,57.37312489992473,57.37312489992473,57.39023569994606,58.22372069989797,right,1,0.8382112999679521,None,,,,participant_2,001,2025-11-10_17h30.23.331,Deeya Flanker,,2025.1.1,59.85142484825739,2025-11-10 17h30.33.566473 +0530,
<<<<<,left,congruent,11,3,2,left,1,0.7408894000109285,None,2,3,11,0,58.239761099917814,,,,,,,,,58.228323499904945,58.239761099917814,59.223740899935365,59.223740899935365,59.240374099928886,59.97464389994275,left,1,0.7408894000109285,None,,,,participant_2,001,2025-11-10_17h30.23.331,Deeya Flanker,,2025.1.1,59.85142484825739,2025-11-10 17h30.33.566473 +0530,
>><>>,left,incongruent,12,0,3,left,1,1.0165946000488475,None,3,0,12,3,59.99026649992447,,,,,,,,,59.97891849989537,59.99026649992447,60.99093279999215,60.99093279999215,60.99093279999215,62.00903879990801,left,1,1.0165946000488475,None,,,,participant_2,001,2025-11-10_17h30.23.331,Deeya Flanker,,2025.1.1,59.85142484825739,2025-11-10 17h30.33.566473 +0530,
<<<<<,left,congruent,13,1,3,left,1,0.6193489999277517,None,3,1,13,0,62.023968199966475,,,,,,,,,62.01286089990754,62.023968199966475,63.02392249996774,63.02392249996774,63.02392249996774,63.658610299928114,left,1,0.6193489999277517,None,,,,participant_2,001,2025-11-10_17h30.23.331,Deeya Flanker,,2025.1.1,59.85142484825739,2025-11-10 17h30.33.566473 +0530,
>>>>>,right,congruent,14,2,3,right,1,0.552083200076595,None,3,2,14,1,63.673742799903266,,,,,,,,,63.66376349993516,63.673742799903266,64.67388659995049,64.67388659995049,64.67388659995049,65.24031209992245,right,1,0.552083200076595,None,,,,participant_2,001,2025-11-10_17h30.23.331,Deeya Flanker,,2025.1.1,59.85142484825739,2025-11-10 17h30.33.566473 +0530,
<<><<,right,incongruent,15,3,3,right,1,0.6661917000310495,None,3,3,15,2,65.25639949995093,,,,,,,,,65.24373909994029,65.25639949995093,66.24031619995367,66.24031619995367,66.25725379993673,66.90836829994805,right,1,0.6661917000310495,None,,,,participant_2,001,2025-11-10_17h30.23.331,Deeya Flanker,,2025.1.1,59.85142484825739,2025-11-10 17h30.33.566473 +0530,
>><>>,left,incongruent,16,0,4,left,1,0.5988608000334352,None,4,0,16,3,66.92368119989987,,,,,,,,,66.9131633999059,66.92368119989987,67.92370049993042,67.92370049993042,67.92370049993042,68.52436489996035,left,1,0.5988608000334352,None,,,,participant_2,001,2025-11-10_17h30.23.331,Deeya Flanker,,2025.1.1,59.85142484825739,2025-11-10 17h30.33.566473 +0530,
<<<<<,left,congruent,17,1,4,left,1,0.5738042000448331,None,4,1,17,0,68.5399030999979,,,,,,,,,68.52806699997745,68.5399030999979,69.54044369992334,69.54044369992334,69.54044369992334,70.12442389992066,left,1,0.5738042000448331,None,,,,participant_2,001,2025-11-10_17h30.23.331,Deeya Flanker,,2025.1.1,59.85142484825739,2025-11-10 17h30.33.566473 +0530,
>>>>>,right,congruent,18,2,4,right,1,0.5975602999096736,None,4,2,18,1,70.14041019999422,,,,,,,,,70.12894199998118,70.14041019999422,71.12369909998961,71.12369909998961,71.14070549991447,71.72389139991719,right,1,0.5975602999096736,None,,,,participant_2,001,2025-11-10_17h30.23.331,Deeya Flanker,,2025.1.1,59.85142484825739,2025-11-10 17h30.33.566473 +0530,
<<><<,right,incongruent,19,3,4,right,1,0.5872051999904215,None,4,3,19,2,71.73972479999065,,,,,,,,,71.72852199990302,71.73972479999065,72.72401189990342,72.72401189990342,72.74009849992581,73.32447159988806,right,1,0.5872051999904215,None,,,,participant_2,001,2025-11-10_17h30.23.331,Deeya Flanker,,2025.1.1,59.85142484825739,2025-11-10 17h30.33.566473 +0530,
>>>>>,right,congruent,20,0,5,right,1,0.6177580999210477,None,5,0,20,1,73.33998519997112,,,,,,,,,73.3282563999528,73.33998519997112,74.3394941999577,74.3394941999577,74.3394941999577,74.95820669992827,right,1,0.6177580999210477,None,,,,participant_2,001,2025-11-10_17h30.23.331,Deeya Flanker,,2025.1.1,59.85142484825739,2025-11-10 17h30.33.566473 +0530,
>><>>,left,incongruent,21,1,5,left,1,0.5386204000096768,None,5,1,21,3,74.97379659989383,,,,,,,,,74.96217729989439,74.97379659989383,75.97386589995585,75.97386589995585,75.97386589995585,76.52409649989568,left,1,0.5386204000096768,None,,,,participant_2,001,2025-11-10_17h30.23.331,Deeya Flanker,,2025.1.1,59.85142484825739,2025-11-10 17h30.33.566473 +0530,
<<<<<,left,congruent,22,2,5,left,1,0.5046260000672191,None,5,2,22,0,76.53968839999288,,,,,,,,,76.52933289995417,76.53968839999288,77.52354299998842,77.52354299998842,77.53960199991707,78.04137479991186,left,1,0.5046260000672191,None,,,,participant_2,001,2025-11-10_17h30.23.331,Deeya Flanker,,2025.1.1,59.85142484825739,2025-11-10 17h30.33.566473 +0530,
<<><<,right,incongruent,23,3,5,right,1,0.501066799974069,None,5,3,23,2,78.05695489991922,,,,,,,,,78.04602499993052,78.05695489991922,79.04061009990983,79.04061009990983,79.05653459997848,79.55754049995448,right,1,0.501066799974069,None,,,,participant_2,001,2025-11-10_17h30.23.331,Deeya Flanker,,2025.1.1,59.85142484825739,2025-11-10 17h30.33.566473 +0530,
<<><<,right,incongruent,24,0,6,right,1,0.46218080003745854,None,6,0,24,2,79.57309619989246,,,,,,,,,79.55819339992013,79.57309619989246,80.5571021999931,80.5571021999931,80.5737770999549,81.02381939999759,right,1,0.46218080003745854,None,,,,participant_2,001,2025-11-10_17h30.23.331,Deeya Flanker,,2025.1.1,59.85142484825739,2025-11-10 17h30.33.566473 +0530,
<<<<<,left,congruent,25,1,6,left,1,0.4357622000388801,None,6,1,25,0,81.03954789997078,,,,,,,,,81.02950789988972,81.03954789997078,82.03993009997066,82.03993009997066,82.03993009997066,82.4912997999927,left,1,0.4357622000388801,None,,,,participant_2,001,2025-11-10_17h30.23.331,Deeya Flanker,,2025.1.1,59.85142484825739,2025-11-10 17h30.33.566473 +0530,
>><>>,left,incongruent,26,2,6,left,1,0.8547723999945447,None,6,2,26,3,82.5070150999818,,,,,,,,,82.49643689999357,82.5070150999818,83.50595229992177,83.50595229992177,83.50595229992177,84.37410249991808,left,1,0.8547723999945447,None,,,,participant_2,001,2025-11-10_17h30.23.331,Deeya Flanker,,2025.1.1,59.85142484825739,2025-11-10 17h30.33.566473 +0530,
>>>>>,right,congruent,27,3,6,right,1,0.5314280999591574,None,6,3,27,1,84.39015029999427,,,,,,,,,84.37908429990057,84.39015029999427,85.39037469995674,85.39037469995674,85.39037469995674,85.92408669996075,right,1,0.5314280999591574,None,,,,participant_2,001,2025-11-10_17h30.23.331,Deeya Flanker,,2025.1.1,59.85142484825739,2025-11-10 17h30.33.566473 +0530,
>><>>,left,incongruent,28,0,7,left,1,0.6649149999720976,None,7,0,28,3,85.94021899998188,,,,,,,,,85.9289314999478,85.94021899998188,86.92355689988472,86.92355689988472,86.94024969998281,87.59066409990191,left,1,0.6649149999720976,None,,,,participant_2,001,2025-11-10_17h30.23.331,Deeya Flanker,,2025.1.1,59.85142484825739,2025-11-10 17h30.33.566473 +0530,
<<><<,right,incongruent,29,1,7,right,1,0.637395599973388,None,7,1,29,2,87.60682819993235,,,,,,,,,87.59486699989066,87.60682819993235,88.60595969995484,88.60595969995484,88.60595969995484,89.25791409995873,right,1,0.637395599973388,None,,,,participant_2,001,2025-11-10_17h30.23.331,Deeya Flanker,,2025.1.1,59.85142484825739,2025-11-10 17h30.33.566473 +0530,
>>>>>,right,congruent,30,2,7,right,1,0.9155866000801325,None,7,2,30,1,89.27285729988944,,,,,,,,,89.26221189997159,89.27285729988944,90.27285589999519,90.27285589999519,90.27285589999519,91.19038909999654,right,1,0.9155866000801325,None,,,,participant_2,001,2025-11-10_17h30.23.331,Deeya Flanker,,2025.1.1,59.85142484825739,2025-11-10 17h30.33.566473 +0530,
<<<<<,left,congruent,31,3,7,left,1,0.4578857000451535,None,7,3,31,0,91.20597139990423,,,,,,,,,91.19475619995501,91.20597139990423,92.1900853998959,92.1900853998959,92.20661679992918,92.65700769994874,left,1,0.4578857000451535,None,,,,participant_2,001,2025-11-10_17h30.23.331,Deeya Flanker,,2025.1.1,59.85142484825739,2025-11-10 17h30.33.566473 +0530,
<<<<<,left,congruent,32,0,8,left,1,0.5354079999960959,None,8,0,32,0,92.67281239992008,,,,,,,,,92.65731579996645,92.67281239992008,93.65636229992379,93.65636229992379,93.67272559995763,94.20681089989375,left,1,0.5354079999960959,None,,,,participant_2,001,2025-11-10_17h30.23.331,Deeya Flanker,,2025.1.1,59.85142484825739,2025-11-10 17h30.33.566473 +0530,
<<><<,right,incongruent,33,1,8,right,1,0.5329897000920027,None,8,1,33,2,94.22342969989404,,,,,,,,,94.21132229990326,94.22342969989404,95.20663699996658,95.20663699996658,95.2231969999848,95.75661099993158,right,1,0.5329897000920027,None,,,,participant_2,001,2025-11-10_17h30.23.331,Deeya Flanker,,2025.1.1,59.85142484825739,2025-11-10 17h30.33.566473 +0530,
>>>>>,right,congruent,34,2,8,right,1,0.5887443000683561,None,8,2,34,1,95.77254419995006,,,,,,,,,95.76016729988623,95.77254419995006,96.75697449990548,96.75697449990548,96.77332539996132,97.35771689994726,right,1,0.5887443000683561,None,,,,participant_2,001,2025-11-10_17h30.23.331,Deeya Flanker,,2025.1.1,59.85142484825739,2025-11-10 17h30.33.566473 +0530,
>><>>,left,incongruent,35,3,8,left,1,0.5951892000157386,None,8,3,35,3,97.37325579999015,,,,,,,,,97.36244079994503,97.37325579999015,98.37336769991089,98.37336769991089,98.37336769991089,98.97342229995411,left,1,0.5951892000157386,None,,,,participant_2,001,2025-11-10_17h30.23.331,Deeya Flanker,,2025.1.1,59.85142484825739,2025-11-10 17h30.33.566473 +0530,
<<<<<,left,congruent,36,0,9,left,1,0.6070917999604717,None,9,0,36,0,98.9893005999038,,,,,,,,,98.97755819989834,98.9893005999038,99.97347899992019,99.97347899992019,99.98915399995167,100.59053449996281,left,1,0.6070917999604717,None,,,,participant_2,001,2025-11-10_17h30.23.331,Deeya Flanker,,2025.1.1,59.85142484825739,2025-11-10 17h30.33.566473 +0530,
>><>>,left,incongruent,37,1,9,right,0,0.503726200084202,None,9,1,37,3,100.60667449992616,,,,,,,,,100.59451749990694,100.60667449992616,101.60602839989588,101.60602839989588,101.62331149994861,102.12429009994958,right,0,0.503726200084202,None,,,,participant_2,001,2025-11-10_17h30.23.331,Deeya Flanker,,2025.1.1,59.85142484825739,2025-11-10 17h30.33.566473 +0530,
<<><<,right,incongruent,38,2,9,right,1,1.0017266001086682,None,9,2,38,2,102.13990149996243,,,,,,,,,102.1292717999313,102.13990149996243,103.13932219997514,103.13932219997514,103.13932219997514,104.15663789992686,right,1,1.0017266001086682,None,,,,participant_2,001,2025-11-10_17h30.23.331,Deeya Flanker,,2025.1.1,59.85142484825739,2025-11-10 17h30.33.566473 +0530,
>>>>>,right,congruent,39,3,9,right,1,0.6996811999706551,None,9,3,39,1,104.17286749999039,,,,,,,,,104.16068269999232,104.17286749999039,105.15573529992253,105.15573529992253,105.17310569994152,105.85726089996751,right,1,0.6996811999706551,None,,,,participant_2,001,2025-11-10_17h30.23.331,Deeya Flanker,,2025.1.1,59.85142484825739,2025-11-10 17h30.33.566473 +0530,
<<><<,right,incongruent,40,0,10,right,1,0.7570987000362948,None,10,0,40,2,105.87300549994688,,,,,,,,,105.86146909999661,105.87300549994688,106.8560474999249,106.8560474999249,106.87318039999809,107.6231047998881,right,1,0.7570987000362948,None,,,,participant_2,001,2025-11-10_17h30.23.331,Deeya Flanker,,2025.1.1,59.85142484825739,2025-11-10 17h30.33.566473 +0530,
>>>>>,right,congruent,41,1,10,right,1,0.5366368999239057,None,10,1,41,1,107.63918589998502,,,,,,,,,107.62731499993242,107.63918589998502,108.62264699989464,108.62264699989464,108.63972789992113,109.17387009994127,right,1,0.5366368999239057,None,,,,participant_2,001,2025-11-10_17h30.23.331,Deeya Flanker,,2025.1.1,59.85142484825739,2025-11-10 17h30.33.566473 +0530,
>><>>,left,incongruent,42,2,10,left,1,0.5833741000387818,None,10,2,42,3,109.18984069989529,,,,,,,,,109.1777477998985,109.18984069989529,110.17336099990644,110.17336099990644,110.1892905998975,110.75798819994088,left,1,0.5833741000387818,None,,,,participant_2,001,2025-11-10_17h30.23.331,Deeya Flanker,,2025.1.1,59.85142484825739,2025-11-10 17h30.33.566473 +0530,
<<<<<,left,congruent,43,3,10,left,1,0.6181170999770984,None,10,3,43,0,110.77234189992305,,,,,,,,,110.76218069996685,110.77234189992305,111.77221819991246,111.77221819991246,111.77221819991246,112.40646069997456,left,1,0.6181170999770984,None,,,,participant_2,001,2025-11-10_17h30.23.331,Deeya Flanker,,2025.1.1,59.85142484825739,2025-11-10 17h30.33.566473 +0530,
>>>>>,right,congruent,44,0,11,right,1,0.6446174000157043,None,11,0,44,1,112.42243009991944,,,,,,,,,112.41006209992338,112.42243009991944,113.4059441999998,113.4059441999998,113.42238279990852,114.0568237999687,right,1,0.6446174000157043,None,,,,participant_2,001,2025-11-10_17h30.23.331,Deeya Flanker,,2025.1.1,59.85142484825739,2025-11-10 17h30.33.566473 +0530,
>><>>,left,incongruent,45,1,11,left,1,0.6047225999645889,None,11,1,45,3,114.07225439988542,,,,,,,,,114.06273959996179,114.07225439988542,115.07222839992028,115.07222839992028,115.07222839992028,115.68998189992271,left,1,0.6047225999645889,None,,,,participant_2,001,2025-11-10_17h30.23.331,Deeya Flanker,,2025.1.1,59.85142484825739,2025-11-10 17h30.33.566473 +0530,
<<<<<,left,congruent,46,2,11,left,1,0.5021808999590576,None,11,2,46,0,115.7063085999107,,,,,,,,,115.69386209989898,115.7063085999107,116.70638849993702,116.70638849993702,116.70638849993702,117.2237019999884,left,1,0.5021808999590576,None,,,,participant_2,001,2025-11-10_17h30.23.331,Deeya Flanker,,2025.1.1,59.85142484825739,2025-11-10 17h30.33.566473 +0530,
<<><<,right,incongruent,47,3,11,right,1,1.014540100004524,None,11,3,47,2,117.23969589988701,,,,,,,,,117.22894699999597,117.23969589988701,118.239169199951,118.239169199951,118.239169199951,119.25655619997997,right,1,1.014540100004524,None,,,,participant_2,001,2025-11-10_17h30.23.331,Deeya Flanker,,2025.1.1,59.85142484825739,2025-11-10 17h30.33.566473 +0530,
<<><<,right,incongruent,48,0,12,right,1,0.566615300020203,None,12,0,48,2,119.2724767999025,,,,,,,,,119.25686799990945,119.2724767999025,120.27206769993063,120.27206769993063,120.27206769993063,120.84064549999312,right,1,0.566615300020203,None,,,,participant_2,001,2025-11-10_17h30.23.331,Deeya Flanker,,2025.1.1,59.85142484825739,2025-11-10 17h30.33.566473 +0530,
>><>>,left,incongruent,49,1,12,left,1,0.5164104000432417,None,12,1,49,3,120.85572189989034,,,,,,,,,120.8460973999463,120.85572189989034,121.85559389996342,121.85559389996342,121.85559389996342,122.37276429997291,left,1,0.5164104000432417,None,,,,participant_2,001,2025-11-10_17h30.23.331,Deeya Flanker,,2025.1.1,59.85142484825739,2025-11-10 17h30.33.566473 +0530,
<<<<<,left,congruent,50,2,12,left,1,0.4497252000728622,None,12,2,50,0,122.38856169988867,,,,,,,,,122.37680489988998,122.38856169988867,123.37259059993085,123.37259059993085,123.38951149990316,123.82454609998967,left,1,0.4497252000728622,None,,,,participant_2,001,2025-11-10_17h30.23.331,Deeya Flanker,,2025.1.1,59.85142484825739,2025-11-10 17h30.33.566473 +0530,
>>>>>,right,congruent,51,3,12,right,1,0.5810874999733642,None,12,3,51,1,123.83990949997678,,,,,,,,,123.82891369995195,123.83990949997678,124.83874509995803,124.83874509995803,124.85581029998139,125.42333129991312,right,1,0.5810874999733642,None,,,,participant_2,001,2025-11-10_17h30.23.331,Deeya Flanker,,2025.1.1,59.85142484825739,2025-11-10 17h30.33.566473 +0530,
<<<<<,left,congruent,52,0,13,left,1,0.43430459999945015,None,13,0,52,0,125.43928059993777,,,,,,,,,125.42681909992825,125.43928059993777,126.4389239999,126.4389239999,126.4389239999,126.89036279998254,left,1,0.43430459999945015,None,,,,participant_2,001,2025-11-10_17h30.23.331,Deeya Flanker,,2025.1.1,59.85142484825739,2025-11-10 17h30.33.566473 +0530,
<<><<,right,incongruent,53,1,13,right,1,0.571304599987343,None,13,1,53,2,126.90619789995253,,,,,,,,,126.89552589994855,126.90619789995253,127.88954749994446,127.88954749994446,127.90618909988552,128.4736980999587,right,1,0.571304599987343,None,,,,participant_2,001,2025-11-10_17h30.23.331,Deeya Flanker,,2025.1.1,59.85142484825739,2025-11-10 17h30.33.566473 +0530,
>>>>>,right,congruent,54,2,13,right,1,0.5201994000235572,None,13,2,54,1,128.48937109997496,,,,,,,,,128.47731469990686,128.48937109997496,129.47305219992995,129.47305219992995,129.4894040999934,130.0064137999434,right,1,0.5201994000235572,None,,,,participant_2,001,2025-11-10_17h30.23.331,Deeya Flanker,,2025.1.1,59.85142484825739,2025-11-10 17h30.33.566473 +0530,
>><>>,left,incongruent,55,3,13,left,1,0.5279591999715194,None,13,3,55,3,130.02264999994077,,,,,,,,,130.01049559994135,130.02264999994077,131.02200949995313,131.02200949995313,131.02200949995313,131.55614339991007,left,1,0.5279591999715194,None,,,,participant_2,001,2025-11-10_17h30.23.331,Deeya Flanker,,2025.1.1,59.85142484825739,2025-11-10 17h30.33.566473 +0530,
>><>>,left,incongruent,56,0,14,left,1,0.6108939000405371,None,14,0,56,3,131.5722712998977,,,,,,,,,131.55643859994598,131.5722712998977,132.55634349992033,132.55634349992033,132.57216129999142,133.17267099989112,left,1,0.6108939000405371,None,,,,participant_2,001,2025-11-10_17h30.23.331,Deeya Flanker,,2025.1.1,59.85142484825739,2025-11-10 17h30.33.566473 +0530,
<<><<,right,incongruent,57,1,14,right,1,0.5806880999589339,None,14,1,57,2,133.188624399947,,,,,,,,,133.17725299997255,133.188624399947,134.17277529998682,134.17277529998682,134.18950699991547,134.75630569993518,right,1,0.5806880999589339,None,,,,participant_2,001,2025-11-10_17h30.23.331,Deeya Flanker,,2025.1.1,59.85142484825739,2025-11-10 17h30.33.566473 +0530,
<<<<<,left,congruent,58,2,14,left,1,0.5573628999991342,None,14,2,58,0,134.77250309998635,,,,,,,,,134.7622076999396,134.77250309998635,135.7555928999791,135.7555928999791,135.7727484999923,136.32362019992433,left,1,0.5573628999991342,None,,,,participant_2,001,2025-11-10_17h30.23.331,Deeya Flanker,,2025.1.1,59.85142484825739,2025-11-10 17h30.33.566473 +0530,
>>>>>,right,congruent,59,3,14,right,1,0.6389777000294998,None,14,3,59,1,136.3385192999849,,,,,,,,,136.3279376999708,136.3385192999849,137.33843329991214,137.33843329991214,137.33843329991214,137.99015479988884,right,1,0.6389777000294998,None,,,,participant_2,001,2025-11-10_17h30.23.331,Deeya Flanker,,2025.1.1,59.85142484825739,2025-11-10 17h30.33.566473 +0530,
<<<<<,left,congruent,60,0,15,left,1,0.5726981000043452,None,15,0,60,0,138.00586119992658,,,,,,,,,137.99434649990872,138.00586119992658,139.0059995999327,139.0059995999327,139.0059995999327,139.58906139992177,left,1,0.5726981000043452,None,,,,participant_2,001,2025-11-10_17h30.23.331,Deeya Flanker,,2025.1.1,59.85142484825739,2025-11-10 17h30.33.566473 +0530,
>><>>,left,incongruent,61,1,15,left,1,0.7861990000819787,None,15,1,61,3,139.6052165000001,,,,,,,,,139.5933219998842,139.6052165000001,140.5886149998987,140.5886149998987,140.60515029996168,141.39005619997624,left,1,0.7861990000819787,None,,,,participant_2,001,2025-11-10_17h30.23.331,Deeya Flanker,,2025.1.1,59.85142484825739,2025-11-10 17h30.33.566473 +0530,
>>>>>,right,congruent,62,2,15,right,1,0.7325855999952182,None,15,2,62,1,141.406004199991,,,,,,,,,141.39644979999866,141.406004199991,142.4058450999437,142.4058450999437,142.4058450999437,143.1409382999409,right,1,0.7325855999952182,None,,,,participant_2,001,2025-11-10_17h30.23.331,Deeya Flanker,,2025.1.1,59.85142484825739,2025-11-10 17h30.33.566473 +0530,
<<><<,right,incongruent,63,3,15,right,1,0.5731596000259742,None,15,3,63,2,143.1558592999354,,,,,,,,,143.14834249997512,143.1558592999354,144.1558649999788,144.1558649999788,144.1558649999788,144.74002279993147,right,1,0.5731596000259742,None,,,,participant_2,001,2025-11-10_17h30.23.331,Deeya Flanker,,2025.1.1,59.85142484825739,2025-11-10 17h30.33.566473 +0530,
>>>>>,right,congruent,64,0,16,right,1,0.4368965000612661,None,16,0,64,1,144.75539859989658,,,,,,,,,144.74438029993325,144.75539859989658,145.75500729994383,145.75500729994383,145.75500729994383,146.20667129999492,right,1,0.4368965000612661,None,,,,participant_2,001,2025-11-10_17h30.23.331,Deeya Flanker,,2025.1.1,59.85142484825739,2025-11-10 17h30.33.566473 +0530,
<<<<<,left,congruent,65,1,16,left,1,0.5532191999955103,None,16,1,65,0,146.2222846999066,,,,,,,,,146.21069459989667,146.2222846999066,147.20520469988696,147.20520469988696,147.22210259991698,147.772459999891,left,1,0.5532191999955103,None,,,,participant_2,001,2025-11-10_17h30.23.331,Deeya Flanker,,2025.1.1,59.85142484825739,2025-11-10 17h30.33.566473 +0530,
<<><<,right,incongruent,66,2,16,right,1,0.8120574000058696,None,16,2,66,2,147.7891084998846,,,,,,,,,147.77777719998267,147.7891084998846,148.77200109988917,148.77200109988917,148.78917389991693,149.59042889997363,right,1,0.8120574000058696,None,,,,participant_2,001,2025-11-10_17h30.23.331,Deeya Flanker,,2025.1.1,59.85142484825739,2025-11-10 17h30.33.566473 +0530,
>><>>,left,incongruent,67,3,16,left,1,0.6258995999814942,None,16,3,67,3,149.60556999989785,,,,,,,,,149.5970406999113,149.60556999989785,150.60606599994935,150.60606599994935,150.60606599994935,151.23982179991435,left,1,0.6258995999814942,None,,,,participant_2,001,2025-11-10_17h30.23.331,Deeya Flanker,,2025.1.1,59.85142484825739,2025-11-10 17h30.33.566473 +0530,
>><>>,left,incongruent,68,0,17,left,1,0.5474638000596315,None,17,0,68,3,151.25589779997244,,,,,,,,,151.24018409999553,151.25589779997244,152.25488979998045,152.25488979998045,152.25488979998045,152.8058933999855,left,1,0.5474638000596315,None,,,,participant_2,001,2025-11-10_17h30.23.331,Deeya Flanker,,2025.1.1,59.85142484825739,2025-11-10 17h30.33.566473 +0530,
<<><<,right,incongruent,69,1,17,right,1,0.5849934999132529,None,17,1,69,2,152.82237499998882,,,,,,,,,152.8106070999056,152.82237499998882,153.8058977999026,153.8058977999026,153.82251609989908,154.40566959988791,right,1,0.5849934999132529,None,,,,participant_2,001,2025-11-10_17h30.23.331,Deeya Flanker,,2025.1.1,59.85142484825739,2025-11-10 17h30.33.566473 +0530,
<<<<<,left,congruent,70,2,17,left,1,0.6028414000757039,None,17,2,70,0,154.42157919995952,,,,,,,,,154.41070639993995,154.42157919995952,155.4053896999685,155.4053896999685,155.42171789996792,156.02326139993966,left,1,0.6028414000757039,None,,,,participant_2,001,2025-11-10_17h30.23.331,Deeya Flanker,,2025.1.1,59.85142484825739,2025-11-10 17h30.33.566473 +0530,
>>>>>,right,congruent,71,3,17,right,1,0.5624721000203863,None,17,3,71,1,156.03886959992815,,,,,,,,,156.02743289992213,156.03886959992815,157.03802839992568,157.03802839992568,157.03802839992568,157.6061010999838,right,1,0.5624721000203863,None,,,,participant_2,001,2025-11-10_17h30.23.331,Deeya Flanker,,2025.1.1,59.85142484825739,2025-11-10 17h30.33.566473 +0530,
>>>>>,right,congruent,72,0,18,right,1,0.5877966000698507,None,18,0,72,1,157.6223226999864,,,,,,,,,157.6065889999736,157.6223226999864,158.62157889991067,158.62157889991067,158.62157889991067,159.2220890999306,right,1,0.5877966000698507,None,,,,participant_2,001,2025-11-10_17h30.23.331,Deeya Flanker,,2025.1.1,59.85142484825739,2025-11-10 17h30.33.566473 +0530,
<<<<<,left,congruent,73,1,18,left,1,0.6831765999086201,None,18,1,73,0,159.23825499997474,,,,,,,,,159.22682759992313,159.23825499997474,160.2219767998904,160.2219767998904,160.2387101999484,160.906449199887,left,1,0.6831765999086201,None,,,,participant_2,001,2025-11-10_17h30.23.331,Deeya Flanker,,2025.1.1,59.85142484825739,2025-11-10 17h30.33.566473 +0530,
<<><<,right,incongruent,74,2,18,right,1,0.8000677999807522,None,18,2,74,2,160.92184049997013,,,,,,,,,160.9117222999921,160.92184049997013,161.9216997999465,161.9216997999465,161.9216997999465,162.73912809998728,right,1,0.8000677999807522,None,,,,participant_2,001,2025-11-10_17h30.23.331,Deeya Flanker,,2025.1.1,59.85142484825739,2025-11-10 17h30.33.566473 +0530,
>><>>,left,incongruent,75,3,18,left,1,0.5525455999886617,None,18,3,75,3,162.75478749989998,,,,,,,,,162.74237549991813,162.75478749989998,163.73890509991907,163.73890509991907,163.75553559989203,164.30651439994108,left,1,0.5525455999886617,None,,,,participant_2,001,2025-11-10_17h30.23.331,Deeya Flanker,,2025.1.1,59.85142484825739,2025-11-10 17h30.33.566473 +0530,
>>>>>,right,congruent,76,0,19,right,1,0.548637600033544,None,19,0,76,1,164.32152839994524,,,,,,,,,164.3116055999417,164.32152839994524,165.32151379995048,165.32151379995048,165.32151379995048,165.8726592999883,right,1,0.548637600033544,None,,,,participant_2,001,2025-11-10_17h30.23.331,Deeya Flanker,,2025.1.1,59.85142484825739,2025-11-10 17h30.33.566473 +0530,
<<><<,right,incongruent,77,1,19,right,1,0.5836894999956712,None,19,1,77,2,165.88822199997958,,,,,,,,,165.88006989995483,165.88822199997958,166.88879879994784,166.88879879994784,166.88879879994784,167.4895442998968,right,1,0.5836894999956712,None,,,,participant_2,001,2025-11-10_17h30.23.331,Deeya Flanker,,2025.1.1,59.85142484825739,2025-11-10 17h30.33.566473 +0530,
<<<<<,left,congruent,78,2,19,left,1,0.5170402999501675,None,19,2,78,0,167.5051496999804,,,,,,,,,167.49397549999412,167.5051496999804,168.5053131999448,168.5053131999448,168.5053131999448,169.02355899999384,left,1,0.5170402999501675,None,,,,participant_2,001,2025-11-10_17h30.23.331,Deeya Flanker,,2025.1.1,59.85142484825739,2025-11-10 17h30.33.566473 +0530,
>><>>,left,incongruent,79,3,19,left,1,0.6046359000029042,None,19,3,79,3,169.03811079997104,,,,,,,,,169.0325841999147,169.03811079997104,170.03880509990267,170.03880509990267,170.03880509990267,170.6553213999141,left,1,0.6046359000029042,None,,,,participant_2,001,2025-11-10_17h30.23.331,Deeya Flanker,,2025.1.1,59.85142484825739,2025-11-10 17h30.33.566473 +0530,
,,,,,,,,,,,,,,,,,,,,,,,,,,,,,,,,,170.65550099988468,170.67133489996195,172.1557433999842,participant_2,001,2025-11-10_17h30.23.331,Deeya Flanker,,2025.1.1,59.85142484825739,2025-11-10 17h30.33.566473 +0530,
